Trans. Date,Post Date,Description,Amount,Category
01/01/2020,01/01/2020,"IPSY GLAM BAG HELP.IPSY.COMCA008M40CC",12.00,"Merchandise"
01/01/2020,01/01/2020,"THE ROASTERIE -BROOKSIDE KANSAS CITY MO",12.87,"Restaurants"
01/02/2020,01/02/2020,"CHEWY.COM 800-672-4399 FLPMT-191627398",66.33,"Merchandise"
01/02/2020,01/02/2020,"STARBUCKS 800-782-7282 WA8358167584NW696N",10.00,"Restaurants"
01/03/2020,01/03/2020,"AMAZON WEB SERVICES AWS.AMAZON.COWA2QUMKQY5E8U",7.79,"Services"
01/03/2020,01/03/2020,"BROOKSIDE MARKET #14 KANSAS CITY MO",35.46,"Supermarkets"
01/03/2020,01/03/2020,"CHIPOTLE 3194 OVERLAND KS",9.16,"Restaurants"
01/03/2020,01/03/2020,"FIVE GUYS KS 0281 QSR OLATHE KS",4.96,"Restaurants"
01/03/2020,01/03/2020,"FIVE GUYS KS 0281 QSR OLATHE KS",8.59,"Restaurants"
01/03/2020,01/03/2020,"FIVE GUYS KS 0281 QSR OLATHE KS",26.91,"Restaurants"
01/03/2020,01/03/2020,"HOT BASIL THAI CUISINE OVERLAND PARKKS",13.95,"Restaurants"
01/03/2020,01/03/2020,"MMS RESEARC00322636410 KANSAS CITY MO",7.16,"Restaurants"
01/03/2020,01/03/2020,"NORDSTROM DIRECT #0808 CEDAR RAPIDS IA",24.53,"Department Stores"
01/04/2020,01/04/2020,"ALDI 46051 OVERLAND PAR KS",120.60,"Supermarkets"
01/04/2020,01/04/2020,"BLUE VALLEY RECREATION OVERLAND PARKKS",10.00,"Government Services"
01/04/2020,01/04/2020,"CASEYS OLATHE OLATHE KS",40.38,"Gasoline"
01/04/2020,01/04/2020,"HOBBY-LOBBY #0075 OLATHE KS",125.83,"Merchandise"
01/04/2020,01/04/2020,"INTERNET PAYMENT - THANK YOU",-1633.87,"Payments and Credits"
01/05/2020,01/05/2020,"FRS TAC LLC 800-748-4949 NERC38181273",53.46,"Travel/ Entertainment"
01/05/2020,01/05/2020,"LOWE'S OF OLATHE, KS OLATHE KS",153.16,"Home Improvement"
01/05/2020,01/05/2020,"UNION STATION PARKING KANSAS CITY MO",5.00,"Services"
01/06/2020,01/06/2020,"CASEYS OLATHE OLATHE KS",16.64,"Gasoline"
01/06/2020,01/06/2020,"CHIPOTLE 0015 OVERLAND PARKKS",7.64,"Restaurants"
01/06/2020,01/06/2020,"GOOGLE *GOOGLE STORAGE 855-836-3987 CAP0RHSBRE",1.99,"Merchandise"
01/06/2020,01/06/2020,"MINIT MART EG 772 OLATHE KS",34.82,"Gasoline"
01/06/2020,01/06/2020,"MMS RESEARC00322636410 KANSAS CITY MO",2.44,"Restaurants"
01/06/2020,01/06/2020,"PARISI CAFE KANSAS CITY MO",3.61,"Restaurants"
01/06/2020,01/06/2020,"WAL-MART SC - #0577 OLATHE KS",18.56,"Merchandise"
01/08/2020,01/08/2020,"HY-VEE OLATHE 1463 OLATHE KS",16.60,"Supermarkets"
01/09/2020,01/09/2020,"AMAZON PRIME*M98HF1OA1 AMZN.COM/BILLWA5NORRXW2G9H",12.99,"Merchandise"
01/09/2020,01/09/2020,"CVS/PHARMACY #08586 OVERLAND PARKKS",8.71,"Merchandise"
01/09/2020,01/09/2020,"STARBUCKS STORE 13646 OVERLAND PARKKS732791",21.79,"Restaurants"
01/10/2020,01/10/2020,"AHCC OVERLAND PARK OVERLAND PARKKS",154.34,"Medical Services"
01/10/2020,01/10/2020,"CHICK-FIL-A #01846 OLATHE KS",7.16,"Restaurants"
01/10/2020,01/10/2020,"CVS/PHARMACY #08585 OVERLAND PARKKS",18.84,"Merchandise"
01/10/2020,01/10/2020,"WALGREENS #6112 OLATHE KS",17.49,"Merchandise"
01/10/2020,01/10/2020,"WALGREENS #6112 OLATHE KS",46.99,"Merchandise"
01/11/2020,01/11/2020,"AMZN MKTP US*PF3DO68F3 AMZN.COM/BILLWA2XXJWD68YLL",56.77,"Merchandise"
01/11/2020,01/11/2020,"DRAFTCADE & IMPROV COMED 8167595233 MO",50.00,"Restaurants"
01/11/2020,01/11/2020,"HOBBY-LOBBY #0075 OLATHE KS",80.84,"Merchandise"
01/11/2020,01/11/2020,"PAPA MURPHY'S KS020 OLO 913-764-0500 KS",22.56,"Restaurants"
01/11/2020,01/13/2020,"HOBBY-LOBBY #0075 OLATHE KS",-55.25,"Payments and Credits"
01/12/2020,01/12/2020,"BANFIELD-PET*WPPAYMENT 866-894-7927 WA",38.95,"Merchandise"
01/12/2020,01/12/2020,"WAL-MART SC - #0577 OLATHE KS",95.39,"Merchandise"
01/13/2020,01/13/2020,"AMAZON.COM*WC03P9BG3 AMZN.COM/BILLWAKAQM64URVDT",7.65,"Merchandise"
01/14/2020,01/14/2020,"SAWASDEE THAI CUISINE OVERLAND PARKKS",10.73,"Restaurants"
01/15/2020,01/15/2020,"BLUE VALLEY SCHOOLS 913-2394016 KS",150.00,"Education"
01/15/2020,01/15/2020,"TST* MCLAIN S BAKERY - O KANSAS CITY MO",5.80,"Restaurants"
01/15/2020,01/17/2020,"QT 240 OVERLAND PARKKS0024001U6HNXYB",41.44,"Gasoline"
01/16/2020,01/16/2020,"GODAVARI OVERLAND PARKKS",32.16,"Restaurants"
01/16/2020,01/17/2020,"AUDIBLE US*QC26T96N3 888-283-5051 NJ2V3CHGDH8UE",14.95,"Merchandise"
01/16/2020,01/17/2020,"J CREW 800-562-0258 VA",15.98,"Merchandise"
01/16/2020,01/17/2020,"LAMARS DONUTS 01 OVERLAND PARKKS",13.86,"Restaurants"
01/16/2020,01/17/2020,"STARBUCKS 800-782-7282 WA77617789Z5CF3EE9",15.00,"Restaurants"
01/17/2020,01/17/2020,"BLUE VALLEY RECREATION OVERLAND PARKKS",10.00,"Government Services"
01/17/2020,01/17/2020,"CHIPOTLE 0015 OVERLAND PARKKS",7.64,"Restaurants"
01/17/2020,01/17/2020,"SQ *PHO SAI GON OVERLAND PARKKS0001152921508996864802",11.99,"Restaurants"
01/17/2020,01/17/2020,"TARGET OLATHE KS",84.59,"Supermarkets"
01/17/2020,01/19/2020,"TARGET OLATHE KS",-1.37,"Payments and Credits"
01/18/2020,01/18/2020,"ALDI 46051 OVERLAND PAR KS",74.46,"Supermarkets"
01/18/2020,01/18/2020,"HY-VEE OLATHE 1463 OLATHE KS",3.66,"Supermarkets"
01/18/2020,01/18/2020,"HY-VEE OLATHE 1463 OLATHE KS",7.30,"Supermarkets"
01/18/2020,01/18/2020,"STARBUCKS STORE 11626 OLATHE KS708671",2.46,"Restaurants"
01/18/2020,01/18/2020,"TRADER JOE'S #723 QPS LEAWOOD KS",54.20,"Supermarkets"
01/19/2020,01/19/2020,"ALDI 46051 OVERLAND PAR KS",42.79,"Supermarkets"
01/19/2020,01/19/2020,"CASHBACK BONUS REDEMPTION PYMT/STMT CRDT",-42.76,"Awards and Rebate Credits"
01/19/2020,01/19/2020,"DAIRY QUEEN #11581 OLATHE KS",3.60,"Restaurants"
01/19/2020,01/19/2020,"GO CAR WASH- KS100 OVERLAND PARKKS",9.00,"Automotive"
01/19/2020,01/19/2020,"INTERNET PAYMENT - THANK YOU",-1591.62,"Payments and Credits"
01/19/2020,01/19/2020,"TST* Q39 - SOUTH OVERLAND PARKKS",75.63,"Restaurants"
01/20/2020,01/20/2020,"AMZN MKTP US*7K7810Q63 AMZN.COM/BILLWA5HGNJUDKGGQ",7.97,"Merchandise"
01/20/2020,01/20/2020,"AMZN MKTP US*CQ6Y262Z3 AMZN.COM/BILLWA3Z0PHSZOP0G",32.84,"Merchandise"
01/20/2020,01/20/2020,"LOWE'S OF S. KANSAS CITY KANSAS CITY MO",2124.73,"Home Improvement"
01/20/2020,01/20/2020,"MCDONALD'S F25248 KANSAS CITY MO",1.43,"Restaurants"
01/20/2020,01/20/2020,"OLD NAVY ON-LINE GROVEPORT OH",17.30,"Merchandise"
01/20/2020,01/20/2020,"RED DOOR GRILL LEAWOOD KS",12.91,"Restaurants"
01/20/2020,01/20/2020,"TARGET OVERLAND PARKKS",38.21,"Supermarkets"
01/21/2020,01/21/2020,"ALDI 46051 OVERLAND PAR KS",19.34,"Supermarkets"
01/21/2020,01/21/2020,"HOT BASIL THAI CUISINE OVERLAND PARKKS",14.95,"Restaurants"
01/21/2020,01/21/2020,"HY-VEE OLATHE 1463 OLATHE KS",6.38,"Supermarkets"
01/21/2020,01/21/2020,"OLD NAVY ON-LINE GROVEPORT OH",13.06,"Merchandise"
01/21/2020,01/21/2020,"OLD NAVY ON-LINE GROVEPORT OH",13.10,"Merchandise"
01/21/2020,01/21/2020,"STAR FUEL CENTERS 443 OVERLAND PARKKS",33.63,"Gasoline"
01/22/2020,01/22/2020,"AMAZON.COM*M98O216F2 AMZN.COM/BILLWA3G0NZZ407WC",20.45,"Merchandise"
01/22/2020,01/22/2020,"STAR FUEL CENTERS 443 OVERLAND PARKKS",38.93,"Gasoline"
01/24/2020,01/24/2020,"DISNEYPLUS 888-905-7888 CADISNEYPLUS",6.99,"Merchandise"
01/24/2020,01/24/2020,"HY-VEE OLATHE 1463 OLATHE KS",10.37,"Supermarkets"
01/24/2020,01/24/2020,"PAPA MURPHY'S KS020 OLATHE KS",25.71,"Restaurants"
01/25/2020,01/25/2020,"BLUE VALLEY RECREATION OVERLAND PARKKS",110.00,"Government Services"
01/25/2020,01/25/2020,"EMLER SWIM SCHOOL CP BEDFORD TX",850.00,"Education"
01/25/2020,01/25/2020,"IMPROV COMEDY CLUB KANSAS CITY MO",74.59,"Restaurants"
01/25/2020,01/25/2020,"JANE, LLC 801-382-8585 UT",16.41,"Merchandise"
01/25/2020,01/25/2020,"PRICE CHOPPER 500 LEAWOOD KS",2.16,"Supermarkets"
01/25/2020,01/25/2020,"STARBUCKS STORE 11626 OLATHE KS689297",4.54,"Restaurants"
01/26/2020,01/26/2020,"AMZN MKTP US*CK9MZ9G53 AMZN.COM/BILLWA63ZNAAGYFTQ",13.99,"Merchandise"
01/26/2020,01/26/2020,"GOODWILL 220 OF W MISSOU OVERLAND PARKKS",48.00,"Merchandise"
01/26/2020,01/26/2020,"TARGET OVERLAND PARKKS",18.27,"Supermarkets"
01/27/2020,01/27/2020,"ETSY.COM BROOKLYN NY",15.00,"Merchandise"
01/27/2020,01/27/2020,"SAWASDEE THAI CUISINE OVERLAND PARKKS",10.73,"Restaurants"
01/28/2020,01/28/2020,"APPLE.COM/BILL 111-111-1111 CA",2.99,"Merchandise"
01/28/2020,01/28/2020,"SAWASDEE THAI CUISINE OVERLAND PARKKS",11.73,"Restaurants"
01/30/2020,01/30/2020,"CHICK-FIL-A #01846 OLATHE KS",16.97,"Restaurants"
01/30/2020,01/30/2020,"JOHNSON COUNTY LIBRARY OVERLAND PARKKS",12.30,"Government Services"
01/31/2020,01/31/2020,"ALDI 46051 OVERLAND PAR KS",74.06,"Supermarkets"
01/31/2020,01/31/2020,"AMZN MKTP US*IJ7ES3YH3 AMZN.COM/BILLWA6RZTECDA2T1",34.99,"Merchandise"
01/31/2020,01/31/2020,"SQ *PHO SAI GON OVERLAND PARKKS0002305843012723380956",9.81,"Restaurants"
01/31/2020,01/31/2020,"WWW.KOHLS.COM #0873 MIDDLETOWN OH",26.04,"Department Stores"
02/01/2020,02/01/2020,"BILLIE, INC. 8888207422 NY",9.86,"Services"
02/01/2020,02/01/2020,"CHARLIES CAR WASH #6 OLATHE KS",8.76,"Automotive"
02/01/2020,02/01/2020,"IKEA MERRIAM MERRIAM KS",47.03,"Merchandise"
02/01/2020,02/01/2020,"INTERNET PAYMENT - THANK YOU",-4014.96,"Payments and Credits"
02/01/2020,02/01/2020,"IPSY GLAM BAG HELP.IPSY.COMCA008S27VN",12.00,"Merchandise"
02/01/2020,02/01/2020,"TST* MCLAIN S BAKERY - O KANSAS CITY MO",6.45,"Restaurants"
02/02/2020,02/02/2020,"AMAZON.COM*M98Z31WI1 AMZN.COM/BILLWA2GMJ2B3FISG",67.60,"Merchandise"
02/02/2020,02/02/2020,"HY-VEE OLATHE 1463 OLATHE KS",15.71,"Supermarkets"
02/02/2020,02/02/2020,"HY-VEE OLATHE 1463 OLATHE KS",51.91,"Supermarkets"
02/02/2020,02/02/2020,"METCALF DISCOUNT LIQUOR2 OLATHE KS",29.14,"Merchandise"
02/02/2020,02/02/2020,"ULTA.COM 866-983-8582 IL",65.03,"Merchandise"
02/03/2020,02/03/2020,"ALDI 46051 OVERLAND PAR KS",34.52,"Supermarkets"
02/03/2020,02/03/2020,"CHEWY.COM 800-672-4399 FLPMT-194302104",66.33,"Merchandise"
02/03/2020,02/03/2020,"LARRY D PRIBYL DDS INDEPENDENCE MO",100.00,"Medical Services"
02/03/2020,02/03/2020,"STAR FUEL CENTERS 443 OVERLAND PARKKS",36.45,"Gasoline"
02/05/2020,02/05/2020,"FRS TAC LLC 800-748-4949 NERC39034241",53.46,"Travel/ Entertainment"
02/05/2020,02/05/2020,"INTEG PHYSICAL THERA INDEPENDENCE MO",150.00,"Medical Services"
02/05/2020,02/05/2020,"WWW.KOHLS.COM #0873 MIDDLETOWN OH",28.82,"Department Stores"
02/06/2020,02/06/2020,"ANTHONY PLUMBING, HEATIN LENEXA KS",99.00,"Services"
02/06/2020,02/06/2020,"GOOGLE *GOOGLE STORAGE 855-836-3987 CAP0RJKH4X",1.99,"Merchandise"
02/06/2020,02/06/2020,"HY-VEE OLATHE 1463 OLATHE KS",20.21,"Supermarkets"
02/06/2020,02/06/2020,"WALGREENS #6920 OVERLAND PARKKS",22.89,"Merchandise"
02/06/2020,02/06/2020,"ZAP*ZAPPOS.COM 800-927-7671 NV70VBIX8T0C6",182.70,"Merchandise"
02/07/2020,02/07/2020,"AMZN MKTP US*DF4327QR3 AMZN.COM/BILLWA20BUG110CFJ",7.20,"Merchandise"
02/07/2020,02/07/2020,"HY-VEE OLATHE 1463 OLATHE KS",31.35,"Supermarkets"
02/07/2020,02/07/2020,"PAPA MURPHY'S KS008 OVERLAND PARKKS",26.18,"Restaurants"
02/08/2020,02/08/2020,"BLUE VALLEY RECREATION OVERLAND PARKKS",15.00,"Government Services"
02/08/2020,02/08/2020,"KOHL'S #0231 OLATHE KS",26.27,"Department Stores"
02/08/2020,02/08/2020,"QT 203 OVERLAND PARKKS0020303NT4PVPE",38.60,"Gasoline"
02/08/2020,02/08/2020,"SONIC DRIVE IN #3317 STANLEY KS",3.36,"Restaurants"
02/08/2020,02/08/2020,"SQ *THAI RICE BY RITZU OLATHE KS0002305843012746846490",39.55,"Restaurants"
02/08/2020,02/08/2020,"STARBUCKS 800-782-7282 WA7138747226C1K8OK",15.00,"Restaurants"
02/08/2020,02/08/2020,"STARBUCKS STORE 51249 OVERLAND PARKKS686812",4.91,"Restaurants"
02/09/2020,02/09/2020,"AMAZON PRIME*VD7VD0I83 AMZN.COM/BILLWA4XKQ8IC1Y0P",12.99,"Merchandise"
02/09/2020,02/09/2020,"LENEXA PARKS AND REC LENEXA KS",20.00,"Travel/ Entertainment"
02/09/2020,02/09/2020,"TARGET KANSAS CITY MO",58.49,"Supermarkets"
02/09/2020,02/09/2020,"TAVERN AT MISSION FARM LEAWOOD KS00956R",17.18,"Restaurants"
02/09/2020,02/09/2020,"TRADER JOE'S #723 QPS LEAWOOD KS",34.24,"Supermarkets"
02/10/2020,02/10/2020,"GO CAR WASH- KS100 OVERLAND PARKKS",9.00,"Automotive"
02/11/2020,02/11/2020,"AMAZON.COM*1Q9AA2383 AMZN.COM/BILLWA5OSGWXESMMP",14.28,"Merchandise"
02/11/2020,02/11/2020,"AMAZON.COM*NB4JP4BM3 AMZN.COM/BILLWA7EXFIHFQNN2",437.89,"Merchandise"
02/11/2020,02/11/2020,"TARGET OVERLAND PARKKS",17.55,"Supermarkets"
02/11/2020,02/11/2020,"TARGET.COM * 800-591-3869 MN",53.07,"Merchandise"
02/11/2020,02/11/2020,"ZOES KITCHEN OVERLAND PARKKS01136R",6.18,"Restaurants"
02/12/2020,02/12/2020,"AMZN MKTP US*RK8F620W3 AMZN.COM/BILLWA45HHVP7QTOV",7.99,"Merchandise"
02/12/2020,02/12/2020,"BANFIELD-PET*WPPAYMENT 866-894-7927 WA",38.95,"Merchandise"
02/12/2020,02/12/2020,"NORDSTROM DIRECT #0808 CEDAR RAPIDS IA",29.78,"Department Stores"
02/13/2020,02/13/2020,"ACADEMY SPORTS# 188 OLATHE KS",13.79,"Merchandise"
02/13/2020,02/13/2020,"ALDI 46051 OVERLAND PAR KS",66.19,"Supermarkets"
02/13/2020,02/13/2020,"GOODWILL 220 OF W MISSOU OVERLAND PARKKS",11.42,"Merchandise"
02/13/2020,02/13/2020,"KOHL'S #0231 OLATHE KS",26.03,"Department Stores"
02/13/2020,02/13/2020,"TARGET OVERLAND PARKKS",23.92,"Supermarkets"
02/14/2020,02/14/2020,"CASEYS OLATHE OLATHE KS",28.51,"Gasoline"
02/14/2020,02/14/2020,"SNOW CREEK SKI AREA WESTON MO",9.00,"Travel/ Entertainment"
02/14/2020,02/14/2020,"SNOW CREEK SKI AREA WESTON MO",140.00,"Travel/ Entertainment"
02/14/2020,02/14/2020,"TARGET OVERLAND PARKKS",34.96,"Supermarkets"
02/14/2020,02/17/2020,"MANI PEDI ME OVERLAND PARKKS",15.00,"Services"
02/15/2020,02/17/2020,"PRIDE CLEANERS #47 OVERLAND PARKKS",84.04,"Services"
02/16/2020,02/17/2020,"AUDIBLE*C19RJ6BK3 AMZN.COM/BILLNJ5GLNY18EN1I",14.95,"Merchandise"
02/16/2020,02/17/2020,"NORDSTROM #0230 OVERLAND PARKKS",2.00,"Department Stores"
02/16/2020,02/17/2020,"PLATE KANSAS CITY MO",159.41,"Restaurants"
02/16/2020,02/17/2020,"STARBUCKS 800-782-7282 WA74595453K6MFS16D",15.00,"Restaurants"
02/16/2020,02/17/2020,"WAL-MART SC - #0577 OLATHE KS",54.61,"Merchandise"
02/17/2020,02/17/2020,"ALDI 46051 OVERLAND PAR KSCASHOVER $ 20.00 PURCHASES $ 79.01",99.01,"Supermarkets"
02/17/2020,02/17/2020,"CHIPOTLE 0015 OVERLAND PARKKS",7.64,"Restaurants"
02/17/2020,02/17/2020,"HY-VEE OLATHE 1463 OLATHE KS",25.15,"Supermarkets"
02/17/2020,02/17/2020,"SQ *BLACKDOG COFFEEHOU LENEXA KS0002305843012770908306",4.44,"Restaurants"
02/17/2020,02/18/2020,"TARGET OVERLAND PARKKS",-27.97,"Payments and Credits"
02/18/2020,02/18/2020,"CASHBACK BONUS REDEMPTION PYMT/STMT CRDT",-89.56,"Awards and Rebate Credits"
02/18/2020,02/18/2020,"INTERNET PAYMENT - THANK YOU",-2501.00,"Payments and Credits"
02/18/2020,02/18/2020,"SQ *FULL SERVICE CHIMN OLATHE KS0002305843012774111829",150.00,"Services"
02/19/2020,02/19/2020,"AMZN MKTP US*KP1NZ5L13 AMZN.COM/BILLWA27ZDRWRCDF4",36.23,"Merchandise"
02/19/2020,02/19/2020,"AUSTINS BAR GRILL OLATHE KS",27.99,"Restaurants"
02/19/2020,02/19/2020,"OLD NAVY ON-LINE GROVEPORT OH",13.14,"Merchandise"
02/19/2020,02/19/2020,"PARTY CITY 938 OVERLAND PARKKS01994R",21.38,"Merchandise"
02/20/2020,02/20/2020,"ANNTAYLOR LOFT.COM #612 800-342-5266 CT",48.61,"Merchandise"
02/20/2020,02/20/2020,"BLUE VALLEY RECREATION OVERLAND PARKKS",160.00,"Government Services"
02/20/2020,02/20/2020,"LAMARS DONUTS 01 OVERLAND PARKKS",15.17,"Restaurants"
02/20/2020,02/20/2020,"OLD NAVY ON-LINE GROVEPORT OH",42.68,"Merchandise"
02/20/2020,02/20/2020,"STAR FUEL CENTERS 443 OVERLAND PARKKS",40.26,"Gasoline"
02/21/2020,02/21/2020,"JOHNNYS TAVERN - 119TH LEAWOOD KS",18.82,"Restaurants"
02/22/2020,02/22/2020,"PIZZA SHUTTLE - OVERLAND OVERLAND PARKKS",31.28,"Restaurants"
02/23/2020,02/23/2020,"ALDI 46051 OVERLAND PAR KS",50.24,"Supermarkets"
02/23/2020,02/23/2020,"DOLLAR TREE OVERLAND PARKKS",15.27,"Merchandise"
02/23/2020,02/23/2020,"TARGET OVERLAND PARKKS",53.63,"Supermarkets"
02/23/2020,02/23/2020,"TRADER JOE'S #723 QPS LEAWOOD KS",55.18,"Supermarkets"
02/23/2020,02/25/2020,"LOFT 1458 LEAWOOD TOWN C LEAWOOD KS",-48.61,"Payments and Credits"
02/24/2020,02/24/2020,"DISNEYPLUS 888-905-7888 CADISNEYPLUS",7.64,"Merchandise"
02/24/2020,02/24/2020,"FRIENDS LIQUOR OVERLAND PARKKS",15.14,"Merchandise"
02/24/2020,02/24/2020,"MEYER MUSIC CO OVERLAND PARKKS",30.71,"Merchandise"
02/24/2020,02/24/2020,"SQ *CAFE VIE OVERLAND PARKKS0002305843012791953140",10.79,"Restaurants"
02/26/2020,02/26/2020,"ALDI 46051 OVERLAND PAR KS",12.07,"Supermarkets"
02/26/2020,02/26/2020,"APPLE.COM/BILL 866-712-7753 CAMSSF9KT0BBA0",2.99,"Merchandise"
02/26/2020,02/26/2020,"HARRYS 888-212-6855 888-212-6855 NY",21.00,"Merchandise"
02/26/2020,02/26/2020,"HY-VEE OLATHE 1463 OLATHE KS",32.48,"Supermarkets"
02/27/2020,02/27/2020,"CASEYS OLATHE OLATHE KS",33.36,"Gasoline"
02/28/2020,02/28/2020,"FRIENDS LIQUOR OVERLAND PARKKS",23.78,"Merchandise"
02/28/2020,02/28/2020,"INTERNET PAYMENT - THANK YOU",-1272.82,"Payments and Credits"
02/29/2020,02/29/2020,"ALDI 46051 OVERLAND PAR KS",70.71,"Supermarkets"
02/29/2020,02/29/2020,"JOSE PEPPERS OLATHE OLATHE KS",72.72,"Restaurants"
02/29/2020,02/29/2020,"TARGET OVERLAND PARKKS",18.20,"Supermarkets"
02/29/2020,03/01/2020,"TARGET OVERLAND PARKKS",-46.35,"Payments and Credits"
02/29/2020,03/04/2020,"FRIENDS LIQUOR OVERLAND PARKKS",-8.65,"Payments and Credits"
03/01/2020,03/01/2020,"CASEYS OLATHE OLATHE KS",36.60,"Gasoline"
03/01/2020,03/01/2020,"IPSY GLAM BAG HELP.IPSY.COMCA008Y8LKX",12.00,"Merchandise"
03/01/2020,03/01/2020,"METCALF DISCOUNT LIQUOR2 OLATHE KS",23.74,"Merchandise"
03/01/2020,03/01/2020,"XCEL CAR WASH #3 OLATHE KS",2.00,"Gasoline"
03/02/2020,03/02/2020,"MEYER MUSIC CO OVERLAND PARKKS",101.99,"Merchandise"
03/03/2020,03/03/2020,"OLD NAVY ON-LINE GROVEPORT OH",40.40,"Merchandise"
03/03/2020,03/03/2020,"SAWASDEE THAI CUISINE OVERLAND PARKKS",15.00,"Restaurants"
03/03/2020,03/03/2020,"SEI 27832 OVERLAND PARKKS",6.43,"Gasoline"
03/03/2020,03/03/2020,"SQ *REVOCUP SOUTH COFF OVERLAND PARKKS0002305843012816529781",3.45,"Restaurants"
03/05/2020,03/05/2020,"ALDI 46051 OVERLAND PAR KS",45.72,"Supermarkets"
03/05/2020,03/05/2020,"FRS TAC LLC 800-748-4949 NERC39831287",53.46,"Travel/ Entertainment"
03/05/2020,03/05/2020,"SQ *PHO SAI GON OVERLAND PARKKS0001152921509104901074",9.81,"Restaurants"
03/05/2020,03/05/2020,"SUNSET GRILL OVERLAND PARKKS",36.55,"Restaurants"
03/06/2020,03/06/2020,"GOOGLE *GOOGLE STORAGE 855-836-3987 CAP0SBBEFX",1.99,"Merchandise"
03/06/2020,03/06/2020,"HY-VEE OLATHE 1463 OLATHE KS",25.87,"Supermarkets"
03/06/2020,03/06/2020,"WAL-MART SC - #3273 OVERLAND PARKKS",71.62,"Merchandise"
03/07/2020,03/07/2020,"SCHEELS OVERLAND PARK OVERLAND PARKKS",82.94,"Merchandise"
03/07/2020,03/07/2020,"STARBUCKS 800-782-7282 WA74254016M7COVRCA",15.00,"Restaurants"
03/07/2020,03/07/2020,"TST* THE CORNER RESTAURA KANSAS CITY MO",20.63,"Restaurants"
03/08/2020,03/08/2020,"TRADER JOE'S #720 QPS KANSAS CITY MO",123.74,"Supermarkets"
03/09/2020,03/09/2020,"3ACOMPANYKITCHEN 877-280 TROY MI",1.63,"Restaurants"
03/09/2020,03/09/2020,"ALDI 46051 OVERLAND PAR KS",57.17,"Supermarkets"
03/09/2020,03/09/2020,"AMAZON PRIME*KG7K909D3 AMZN.COM/BILLWA6UM9I1YDG6R",12.99,"Merchandise"
03/09/2020,03/09/2020,"CHIPOTLE 0015 OVERLAND PARKKS",7.64,"Restaurants"
03/09/2020,03/09/2020,"WALGREENS #6112 OLATHE KS",4.92,"Merchandise"
03/09/2020,03/09/2020,"WALGREENS #6112 OLATHE KS",18.69,"Merchandise"
03/10/2020,03/10/2020,"SAWASDEE THAI CUISINE OVERLAND PARKKS",11.73,"Restaurants"
03/11/2020,03/11/2020,"CHEWY.COM 800-672-4399 FLPMT-196820607",68.21,"Merchandise"
03/11/2020,03/11/2020,"STAR FUEL CENTERS 443 OVERLAND PARKKS",33.07,"Gasoline"
03/12/2020,03/12/2020,"BANFIELD-PET*WPPAYMENT 866-894-7927 WA",38.95,"Merchandise"
03/12/2020,03/12/2020,"FRIENDS LIQUOR OVERLAND PARKKS",15.14,"Merchandise"
03/12/2020,03/12/2020,"MINIT MART EG 772 OLATHE KS",39.25,"Gasoline"
03/12/2020,03/12/2020,"WAL-MART SC - #0577 OLATHE KS",92.07,"Merchandise"
03/13/2020,03/13/2020,"INTERNET PAYMENT - THANK YOU",-1120.24,"Payments and Credits"
03/14/2020,03/14/2020,"METCALF DISCOUNT LIQUOR2 OLATHE KS",42.11,"Merchandise"
03/15/2020,03/15/2020,"SQ *PHO SAI GON OVERLAND PARKKS0001152921509130977718",14.39,"Restaurants"
03/15/2020,03/15/2020,"TARGET.COM * 800-591-3869 MN",5.00,"Merchandise"
03/15/2020,03/15/2020,"TARGET.COM * 800-591-3869 MN",79.08,"Merchandise"
03/16/2020,03/17/2020,"TARGET.COM * 800-591-3869 MN",10.25,"Merchandise"
03/18/2020,03/18/2020,"ALDI 46051 OVERLAND PAR KS",149.28,"Supermarkets"
03/20/2020,03/20/2020,"ALDI 46051 OVERLAND PAR KS",129.49,"Supermarkets"
03/20/2020,03/20/2020,"FRIENDS LIQUOR OVERLAND PARKKS",47.59,"Merchandise"
03/22/2020,03/22/2020,"AMAZON.COM*ZM22B9833 AMZN.COM/BILLWA57GXPX85QC2",473.77,"Merchandise"
03/23/2020,03/31/2020,"BLUE VALLEY RECREATION OVERLAND PARKKS",-160.00,"Payments and Credits"
03/24/2020,03/24/2020,"DISNEYPLUS 888-905-7888 CADISNEYPLUS",7.64,"Merchandise"
03/26/2020,03/26/2020,"APPLE.COM/BILL 866-712-7753 CAMSSFK50LBYA0",2.99,"Merchandise"
03/26/2020,03/26/2020,"DSW. 866-379-7463 OHDSW.",39.40,"Merchandise"
03/26/2020,03/26/2020,"OLD NAVY ON-LINE GROVEPORT OH",82.11,"Merchandise"
03/27/2020,03/27/2020,"AMAZON.COM*YC8TM73D3 AMZN.COM/BILLWA3AVREWLLJ40",21.02,"Merchandise"
03/28/2020,03/28/2020,"ALDI 46051 OVERLAND PAR KS",114.16,"Supermarkets"
03/28/2020,03/28/2020,"FRIENDS LIQUOR OVERLAND PARKKS",33.54,"Merchandise"
03/28/2020,03/28/2020,"TRADER JOE'S #723 QPS LEAWOOD KS",91.08,"Supermarkets"
03/29/2020,03/29/2020,"IPSY GLAM BAG HELP.IPSY.COMCA00938UB3",12.00,"Merchandise"
03/29/2020,03/29/2020,"OLD NAVY ON-LINE GROVEPORT OH",14.22,"Merchandise"
03/30/2020,03/30/2020,"TARGET.COM * 800-591-3869 MN",57.24,"Merchandise"
03/30/2020,03/30/2020,"WALMART GROCERY 800-966-6546 AR",8.17,"Supermarkets"
03/30/2020,03/30/2020,"WALMART GROCERY 800-966-6546 AR",62.50,"Supermarkets"
03/31/2020,03/31/2020,"TARGET.COM * 800-591-3869 MN",27.93,"Merchandise"
04/01/2020,04/01/2020,"BILLIE, INC. 888-820-7422 NY",9.86,"Services"
04/01/2020,04/01/2020,"FRIENDS LIQUOR OVERLAND PARKKS",38.40,"Merchandise"
04/02/2020,04/02/2020,"POTTERYBARNKIDS.COM 800-290-8181 CA300933704276",25.17,"Merchandise"
04/03/2020,04/03/2020,"AMAZON.COM*MD8351RQ0 AMZN.COM/BILLWA5HFD7BK2PH2",4.93,"Merchandise"
04/03/2020,04/03/2020,"CASHBACK BONUS REDEMPTION PYMT/STMT CRDT",-49.09,"Awards and Rebate Credits"
04/03/2020,04/03/2020,"CHICO'S/SOMA-DIRECT #080 FORT MYERS FL",21.90,"Merchandise"
04/03/2020,04/03/2020,"INTERNET PAYMENT - THANK YOU",-1582.61,"Payments and Credits"
04/04/2020,04/04/2020,"FRIENDS LIQUOR OVERLAND PARKKS",56.38,"Merchandise"
04/05/2020,04/05/2020,"ALDI 46051 OVERLAND PAR KS",116.27,"Supermarkets"
04/05/2020,04/06/2020,"TARGET.COM * 800-591-3869 MN",-21.68,"Payments and Credits"
04/06/2020,04/06/2020,"DILLARDS 317 EAST HILL 816-232-7666 MO2020040503170030409443",43.73,"Department Stores"
04/06/2020,04/06/2020,"GOOGLE *GOOGLE STORAGE 855-836-3987 CAP0SGIJO0",1.99,"Merchandise"
04/06/2020,04/06/2020,"TARGET.COM * 800-591-3869 MN",134.62,"Merchandise"
04/07/2020,04/07/2020,"POTTERYBARNKIDS.COM 800-290-8181 CA300933704276",18.60,"Merchandise"
04/07/2020,04/08/2020,"AMAZON.COM AMZN.COM/BILLWAS9V33JO0P9C",-473.77,"Payments and Credits"
04/08/2020,04/08/2020,"FRIENDS LIQUOR OVERLAND PARKKS",57.33,"Merchandise"
04/08/2020,04/08/2020,"TARGET.COM * 800-591-3869 MN",15.86,"Merchandise"
04/09/2020,04/09/2020,"AMAZON PRIME*T55787RJ3 AMZN.COM/BILLWA23HUYL5XBIO",12.99,"Merchandise"
04/09/2020,04/09/2020,"LOWE'S OF OLATHE, KS OLATHE KS",108.38,"Home Improvement"
04/09/2020,04/09/2020,"ROTO-ROOTER 10506 KANSAS CITY MO",380.00,"Services"
04/11/2020,04/11/2020,"ALDI 46051 OVERLAND PAR KS",165.07,"Supermarkets"
04/11/2020,04/11/2020,"CHEWY.COM 800-672-4399 FLPMT-199451422",68.21,"Merchandise"
04/11/2020,04/11/2020,"J CREW 800-562-0258 VA",35.03,"Merchandise"
04/11/2020,04/11/2020,"LOWE'S OF OLATHE, KS OLATHE KS",13.12,"Home Improvement"
04/11/2020,04/11/2020,"LOWE'S OF OLATHE, KS OLATHE KS",55.79,"Home Improvement"
04/11/2020,04/11/2020,"LOWE'S OF OLATHE, KS OLATHE KS",81.84,"Home Improvement"
04/11/2020,04/12/2020,"LOWE'S OF OLATHE, KS OLATHE KS",-38.66,"Payments and Credits"
04/11/2020,04/12/2020,"LOWE'S OF OLATHE, KS OLATHE KS",-27.90,"Payments and Credits"
04/12/2020,04/12/2020,"BANFIELD-PET*WPPAYMENT 866-894-7927 WA",38.95,"Merchandise"
04/12/2020,04/12/2020,"TARGET.COM * 800-591-3869 MN",8.76,"Merchandise"
04/12/2020,04/12/2020,"TARGET.COM * 800-591-3869 MN",80.72,"Merchandise"
04/13/2020,04/13/2020,"APEX ENDODONTICS, PA OVERLAND PARKKS",37.60,"Medical Services"
04/14/2020,04/14/2020,"CASEYS GEN STORE 3436 OVERLAND PARKKS",28.58,"Gasoline"
04/14/2020,04/14/2020,"SQ *K&M SERVICES OLATHE KS0002305843012880571564",271.45,"Services"
04/16/2020,04/17/2020,"FRIENDS LIQUOR OVERLAND PARKKS",56.27,"Merchandise"
04/18/2020,04/18/2020,"BLINDS.COM #2150 800-505-1905 TX",119.20,"Home Improvement"
04/18/2020,04/18/2020,"LOWE'S OF OLATHE, KS OLATHE KS",186.51,"Home Improvement"
04/19/2020,04/19/2020,"ALDI 46051 OVERLAND PAR KS",99.94,"Supermarkets"
04/21/2020,04/21/2020,"GAP OUTLET.COM 2679 GROVEPORT OH",28.17,"Merchandise"
04/21/2020,04/21/2020,"NOTHING BUNDT CAKES 80 9132390252 KS",78.18,"Merchandise"
04/21/2020,04/21/2020,"TOP CELLARS WINE & SPIRI OLATHE KS",42.09,"Merchandise"
04/21/2020,04/21/2020,"WALMART GROCERY 800-966-6546 AR",54.44,"Supermarkets"
04/22/2020,04/22/2020,"WALMART GROCERY 800-966-6546 AR",33.51,"Supermarkets"
04/23/2020,04/23/2020,"FRIENDS LIQUOR OVERLAND PARKKS",15.25,"Merchandise"
04/24/2020,04/24/2020,"ALDI 46051 OVERLAND PAR KS",107.97,"Supermarkets"
04/24/2020,04/24/2020,"ANNTAYLOR LOFT.COM #612 800-342-5266 CT",32.84,"Merchandise"
04/24/2020,04/24/2020,"CASEYS OLATHE OLATHE KS",24.64,"Gasoline"
04/24/2020,04/24/2020,"DISNEYPLUS 888-905-7888 CADISNEYPLUS",7.64,"Merchandise"
04/24/2020,04/24/2020,"HY-VEE OLATHE 1463 OLATHE KS",14.32,"Supermarkets"
04/24/2020,04/24/2020,"HY-VEE OLATHE 1463 OLATHE KS",82.11,"Supermarkets"
04/24/2020,04/24/2020,"TRADER JOE'S #723 QPS LEAWOOD KS",80.77,"Supermarkets"
04/24/2020,04/24/2020,"TST* THE MIXX - HAWTHORN OVERLAND PARKKS",5.60,"Restaurants"
04/25/2020,04/25/2020,"PROOZY 402-935-7733 MN",35.95,"Merchandise"
04/26/2020,04/26/2020,"SQ *PHO SAI GON OVERLAND PARKKS0002305843012892978858",16.08,"Restaurants"
04/26/2020,04/26/2020,"WALMART GROCERY 800-966-6546 AR",2.92,"Supermarkets"
04/26/2020,04/26/2020,"WALMART GROCERY 800-966-6546 AR",7.63,"Supermarkets"
04/26/2020,04/26/2020,"WALMART GROCERY 800-966-6546 AR",33.50,"Supermarkets"
04/27/2020,04/27/2020,"AMZN MKTP US*JD3KV4AE3 AMZN.COM/BILLWA3WOHC6OINTF",33.22,"Merchandise"
04/28/2020,04/28/2020,"APPLE.COM/BILL 866-712-7753 CAMSSFVJ3KM0A0",2.99,"Merchandise"
04/28/2020,04/28/2020,"CASHBACK BONUS REDEMPTION PYMT/STMT CRDT",-27.22,"Awards and Rebate Credits"
04/28/2020,04/28/2020,"INTERNET PAYMENT - THANK YOU",-2399.44,"Payments and Credits"
04/28/2020,04/28/2020,"WWW.KOHLS.COM #0873 MIDDLETOWN OH",67.37,"Department Stores"
04/29/2020,04/29/2020,"AMAZON.COM*7Y16P5I13 AMZN.COM/BILLWA5FV0U028HPO",10.94,"Merchandise"
04/29/2020,04/29/2020,"AMZN MKTP US*4G83750U3 AMZN.COM/BILLWA1R2H31R49KF",7.48,"Merchandise"
05/01/2020,05/01/2020,"FRIENDS LIQUOR OVERLAND PARKKS",63.84,"Merchandise"
05/01/2020,05/01/2020,"IPSY GLAM BAG HELP.IPSY.COMCA0099FROF",12.00,"Merchandise"
05/01/2020,05/01/2020,"JOSE PEPPERS OLATHE OLATHE KS",33.12,"Restaurants"
05/02/2020,05/02/2020,"AMZN MKTP US*B28FE4G23 AMZN.COM/BILLWA27DFMY5YLEJ",50.99,"Merchandise"
05/02/2020,05/02/2020,"J CREW 800-562-0258 VA",22.38,"Merchandise"
05/02/2020,05/02/2020,"TARGET.COM * 800-591-3869 MN",5.13,"Merchandise"
05/02/2020,05/02/2020,"TARGET.COM * 800-591-3869 MN",87.68,"Merchandise"
05/03/2020,05/03/2020,"ALDI 46051 OVERLAND PAR KS",92.03,"Supermarkets"
05/03/2020,05/03/2020,"BLINDS.COM #2150 800-505-1905 TX",1223.28,"Home Improvement"
05/03/2020,05/04/2020,"TARGET.COM * 800-591-3869 MN",-13.64,"Payments and Credits"
05/04/2020,05/04/2020,"TARGET.COM * 800-591-3869 MN",13.37,"Merchandise"
05/05/2020,05/05/2020,"AE OUTF ONL00029538919 OTTAWA KS",98.40,"Merchandise"
05/05/2020,05/05/2020,"WALMART.COM 800-966-6546 AR",5.84,"Merchandise"
05/06/2020,05/06/2020,"GOOGLE *GOOGLE STORAGE 855-836-3987 CAP0TCCICJ",1.99,"Merchandise"
05/06/2020,05/06/2020,"HY-VEE DOTCOM WDM 6002 WDM IA",54.20,"Supermarkets"
05/06/2020,05/06/2020,"KCUC CBO 913-341-7985 KS",113.00,"Medical Services"
05/06/2020,05/06/2020,"SAWASDEE THAI CUISINE OVERLAND PARKKS",24.64,"Restaurants"
05/06/2020,05/06/2020,"TOP CELLAR SELECT OVERLAND PARKKS",16.19,"Merchandise"
05/06/2020,05/06/2020,"WALMART.COM WALMART.COM AR",32.77,"Merchandise"
05/07/2020,05/07/2020,"ALDI 46051 OVERLAND PAR KS",88.80,"Supermarkets"
05/08/2020,05/08/2020,"LUKAS WINE & SPIRITS - M OVERLAND PARKKS",61.45,"Merchandise"
05/08/2020,05/08/2020,"NOTHING BUNDT CAKES 80 9132390252 KS",63.86,"Merchandise"
05/08/2020,05/08/2020,"ULTA.COM 866-983-8582 IL",41.30,"Merchandise"
05/09/2020,05/09/2020,"AMAZON PRIME*6L3L99Q63 AMZN.COM/BILLWA5NQ3O7PD25U",12.99,"Merchandise"
05/09/2020,05/09/2020,"LOWE'S OF OLATHE, KS OLATHE KS",48.34,"Home Improvement"
05/09/2020,05/09/2020,"LOWE'S OF OLATHE, KS OLATHE KS",117.99,"Home Improvement"
05/09/2020,05/09/2020,"MINIT MART EG 772 OLATHE KS",25.16,"Gasoline"
05/09/2020,05/09/2020,"TARGET.COM * 800-591-3869 MN",18.96,"Merchandise"
05/09/2020,05/09/2020,"TARGET.COM * 800-591-3869 MN",48.33,"Merchandise"
05/10/2020,05/10/2020,"LOWE'S OF OLATHE, KS OLATHE KS",43.92,"Home Improvement"
05/11/2020,05/11/2020,"ETSY.COM BROOKLYN NY",38.86,"Merchandise"
05/11/2020,05/11/2020,"FRIENDS LIQUOR OVERLAND PARKKS",45.45,"Merchandise"
05/11/2020,05/11/2020,"INTERNET PAYMENT - THANK YOU",-2020.94,"Payments and Credits"
05/11/2020,05/19/2020,"BLUE VALLEY RECREATION OVERLAND PARKKS",-110.00,"Payments and Credits"
05/12/2020,05/12/2020,"BANFIELD-PET*WPPAYMENT 866-894-7927 WA",40.95,"Merchandise"
05/12/2020,05/12/2020,"CHEWY.COM 800-672-4399 FLPMT-201305515",68.21,"Merchandise"
05/13/2020,05/13/2020,"BLUE VALLEY SCHOOLS 913-2394016 KS",205.00,"Education"
05/13/2020,05/13/2020,"PHOENIX HEALTHCARE CLINI OVERLAND PARKKS",168.41,"Medical Services"
05/13/2020,05/13/2020,"SHAWNEE MISSION PHYS GRP 866-7513326 KS",75.31,"Medical Services"
05/15/2020,05/17/2020,"ANNTAYLOR LOFT.COM #612 800-342-5266 CT",57.38,"Merchandise"
05/16/2020,05/17/2020,"OLD NAVY ON-LINE GROVEPORT OH",57.20,"Merchandise"
05/16/2020,05/17/2020,"TARGET.COM * 800-591-3869 MN",31.31,"Merchandise"
05/17/2020,05/17/2020,"ALDI 46051 OVERLAND PAR KS",84.84,"Supermarkets"
05/17/2020,05/17/2020,"TARGET.COM * 800-591-3869 MN",0.07,"Merchandise"
05/17/2020,05/17/2020,"TARGET.COM * 800-591-3869 MN",19.44,"Merchandise"
05/17/2020,05/17/2020,"TRADER JOE'S #723 QPS LEAWOOD KS",84.40,"Supermarkets"
05/18/2020,05/18/2020,"STAR FUEL CENTERS 443 OVERLAND PARKKS",27.34,"Gasoline"
05/19/2020,05/19/2020,"AMAZON.COM*M74I32Z80 AMZN.COM/BILLWA3OXV7OQBM0A",75.00,"Merchandise"
05/19/2020,05/19/2020,"DAIRY QUEEN #11581 OLATHE KS",9.72,"Restaurants"
05/20/2020,05/20/2020,"TARGET.COM * 800-591-3869 MN",5.08,"Merchandise"
05/20/2020,05/20/2020,"TARGET.COM * 800-591-3869 MN",21.07,"Merchandise"
05/21/2020,05/21/2020,"ALDI 46051 OVERLAND PAR KS",50.98,"Supermarkets"
05/21/2020,05/21/2020,"OLD NAVY ON-LINE GROVEPORT OH",27.10,"Merchandise"
05/22/2020,05/22/2020,"JOSE PEPPERS OLATHE OLATHE KS",31.58,"Restaurants"
05/22/2020,05/22/2020,"TARGET.COM * 800-591-3869 MN",9.74,"Merchandise"
05/23/2020,05/23/2020,"AMAZON.COM*M70L06BV1 AMZN.COM/BILLWAWQIXOHQTNTG",9.18,"Merchandise"
05/23/2020,05/23/2020,"MADEWELL.COM 866-544-1937 NY",7.72,"Merchandise"
05/23/2020,05/23/2020,"ULTA.COM 866-983-8582 IL",49.77,"Merchandise"
05/23/2020,05/24/2020,"TARGET.COM * 800-591-3869 MN",-17.29,"Payments and Credits"
05/24/2020,05/24/2020,"ALDI 46051 OVERLAND PAR KS",94.70,"Supermarkets"
05/24/2020,05/24/2020,"AMAZON.COM*M78I841T2 AMZN.COM/BILLWA2E3BBG9BWXS",5.46,"Merchandise"
05/24/2020,05/24/2020,"CASHBACK BONUS REDEMPTION PYMT/STMT CRDT",-45.50,"Awards and Rebate Credits"
05/24/2020,05/24/2020,"DISNEYPLUS 888-905-7888 CADISNEYPLUS",7.64,"Merchandise"
05/24/2020,05/24/2020,"INTERNET PAYMENT - THANK YOU",-1629.04,"Payments and Credits"
05/25/2020,05/25/2020,"ENA*FRIGIDAIRE 800-599-7569 NC53482220",54.69,"Merchandise"
05/25/2020,05/25/2020,"FRIENDS LIQUOR OVERLAND PARKKS",33.64,"Merchandise"
05/25/2020,05/25/2020,"HY-VEE OLATHE 1463 OLATHE KS",53.73,"Supermarkets"
05/25/2020,05/25/2020,"OLD NAVY ON-LINE GROVEPORT OH",24.08,"Merchandise"
05/25/2020,05/25/2020,"PRIMARY.COM 844-495-5675 NY",44.00,"Merchandise"
05/25/2020,05/25/2020,"SONIC DRIVE IN #3317 STANLEY KS",2.60,"Restaurants"
05/25/2020,05/25/2020,"TARGET.COM * 800-591-3869 MN",5.21,"Merchandise"
05/25/2020,05/25/2020,"TARGET.COM * 800-591-3869 MN",46.60,"Merchandise"
05/26/2020,05/26/2020,"AMAZON.COM*M70IL3D80 AMZN.COM/BILLWA7FJDJ8LPNO0",28.89,"Merchandise"
05/26/2020,05/26/2020,"AMAZON.COM*M79HG4911 AMZN.COM/BILLWA7B5C4AL6ZDE",6.56,"Merchandise"
05/26/2020,05/26/2020,"AMZN MKTP US*M769J26D0 AMZN.COM/BILLWA2QBI5L3H43K",17.84,"Merchandise"
05/26/2020,05/26/2020,"APPLE.COM/BILL 111-111-1111 CA",2.99,"Merchandise"
05/26/2020,05/26/2020,"OLD NAVY ON-LINE GROVEPORT OH",16.42,"Merchandise"
05/26/2020,05/26/2020,"SQ *JESSIE OLATHE KS0001152921509227314809",200.00,"Services"
05/28/2020,05/28/2020,"MCDONALD'S F19725 OLATHE KS",8.74,"Restaurants"
05/28/2020,05/28/2020,"SAWASDEE THAI CUISINE OVERLAND PARKKS",20.46,"Restaurants"
05/28/2020,05/28/2020,"STARBUCKS STORE 13646 OVERLAND PARKKS715263",3.98,"Restaurants"
05/29/2020,05/29/2020,"AMAZON.COM*M77KY2UB0 AMZN.COM/BILLWA55NJB5GS4UQ",15.32,"Merchandise"
05/29/2020,05/29/2020,"AMAZON.COM*M79WD3672 AMZN.COM/BILLWA6VNOZO151F2",14.03,"Merchandise"
05/29/2020,05/29/2020,"METCALF DISCOUNT LIQUOR2 OLATHE KS",71.78,"Merchandise"
05/29/2020,05/29/2020,"TARGET.COM * 800-591-3869 MN",56.34,"Merchandise"
05/30/2020,05/30/2020,"CASEYS OLATHE OLATHE KS",27.60,"Gasoline"
05/30/2020,05/30/2020,"FRIENDS LIQUOR OVERLAND PARKKS",7.03,"Merchandise"
05/30/2020,05/30/2020,"J CREW 800-562-0258 VA",21.90,"Merchandise"
05/30/2020,05/30/2020,"TARGET.COM * 800-591-3869 MN",10.00,"Merchandise"
05/31/2020,05/31/2020,"ALDI 46051 OVERLAND PAR KS",120.73,"Supermarkets"
05/31/2020,05/31/2020,"CASEYS OLATHE OLATHE KS",29.69,"Gasoline"
05/31/2020,05/31/2020,"SONIC DRIVE IN #3469 OLATHE KS",1.47,"Restaurants"
05/31/2020,05/31/2020,"SONIC DRIVE IN #4429 9138140874 KS",0.81,"Restaurants"
06/01/2020,06/01/2020,"BILLIE, INC. 888-820-7422 NY",9.86,"Services"
06/01/2020,06/01/2020,"FIVE GUYS KS 1008 QSR OVERLAND PARKKS",8.83,"Restaurants"
06/01/2020,06/01/2020,"IPSY GLAM BAG HELP.IPSY.COMCA10034GKQ",12.00,"Merchandise"
06/02/2020,06/02/2020,"AMAZON WEB SERVICES AWS.AMAZON.COWA7B6OZ74UEVL",7.95,"Services"
06/03/2020,06/03/2020,"AMAZON.COM*MY52H7PI1 AMZN.COM/BILLWA1K2HVUOTUX7",12.36,"Merchandise"
06/03/2020,06/03/2020,"AMAZON.COM*MY9ZK94K2 AMZN.COM/BILLWA4MWOZQ7M85T",70.67,"Merchandise"
06/03/2020,06/03/2020,"LOFT 1458 LEAWOOD TOWN C LEAWOOD KS",21.66,"Merchandise"
06/03/2020,06/03/2020,"WORLDMARKET.COM 877-967-5362 PA",27.30,"Merchandise"
06/03/2020,06/05/2020,"A EAGLE OUT00006460041 LEAWOOD KS",-98.40,"Payments and Credits"
06/03/2020,06/05/2020,"J. CREW RETAIL #755 LEAWOOD KS",-39.81,"Payments and Credits"
06/04/2020,06/04/2020,"ALDI 46051 OVERLAND PAR KS",47.24,"Supermarkets"
06/04/2020,06/04/2020,"AMAZON.COM*MY6KW7ZW2 AMZN.COM/BILLWA4LSU01NK2BW",19.71,"Merchandise"
06/04/2020,06/04/2020,"AMZN MKTP US*MY7PA7EE0 AMZN.COM/BILLWA694P9LTG4NA",1.63,"Merchandise"
06/04/2020,06/04/2020,"HY-VEE OLATHE 1463 OLATHE KS",8.75,"Supermarkets"
06/04/2020,06/04/2020,"OLD NAVY ON-LINE GROVEPORT OH",16.37,"Merchandise"
06/04/2020,06/04/2020,"OLD NAVY US 5765 OVERLAND PARKKS00409R",58.22,"Merchandise"
06/04/2020,06/07/2020,"KOHL'S #0232 OVERLAND PARKKS",-27.11,"Payments and Credits"
06/04/2020,06/07/2020,"OLD NAVY ON-LINE 800-OLDNAVY OH",-16.42,"Payments and Credits"
06/05/2020,06/05/2020,"CASEYS OLATHE OLATHE KS",28.19,"Gasoline"
06/05/2020,06/05/2020,"FRS TAC LLC 800-748-4949 NERC40810939",53.46,"Travel/ Entertainment"
06/05/2020,06/05/2020,"JACK STACK BBQ MC KANSAS CITY MO",34.44,"Restaurants"
06/06/2020,06/06/2020,"AMAZON WEB SERVICES AWS.AMAZON.COWA2MHT5PMK0SP",17.00,"Services"
06/06/2020,06/06/2020,"FRIENDS LIQUOR OVERLAND PARKKS",41.10,"Merchandise"
06/06/2020,06/06/2020,"GOOGLE *GOOGLE STORAGE 855-836-3987 CAP0TK8MEB",1.99,"Services"
06/06/2020,06/06/2020,"HONDA OF OLATHE OLATHE KS",98.90,"Automotive"
06/06/2020,06/06/2020,"INTERNET PAYMENT - THANK YOU",-1277.47,"Payments and Credits"
06/06/2020,06/06/2020,"JACKSON COUNTY P AND R 816-5034800 MO",200.00,"Government Services"
06/06/2020,06/06/2020,"PAPA MURPHY'S KS008 OVERLAND PARKKS",24.00,"Restaurants"
06/06/2020,06/06/2020,"SONIC DRIVE IN #4429 OVERLAND PARKKS",2.39,"Restaurants"
06/06/2020,06/06/2020,"STARBUCKS 800-782-7282 WA81397353MB0HFFWO",15.00,"Restaurants"
06/06/2020,06/06/2020,"TARGET.COM * 800-591-3869 MN",5.80,"Merchandise"
06/07/2020,06/07/2020,"AMZN MKTP US*MY2VE6MH0 AMZN.COM/BILLWA5IOYRBKEA4A",24.95,"Merchandise"
06/07/2020,06/07/2020,"GO CARWASH KS100 OVERLAND PARKKS",21.81,"Automotive"
06/07/2020,06/07/2020,"TARGET OLATHE KS",20.01,"Supermarkets"
06/07/2020,06/07/2020,"TRADER JOE'S #723 QPS LEAWOOD KS",103.32,"Supermarkets"
06/08/2020,06/08/2020,"WALGREENS #6112 OLATHE KS",11.91,"Merchandise"
06/09/2020,06/09/2020,"AMAZON PRIME*MY7FT79J1 AMZN.COM/BILLWA555S6YU9O5R",12.99,"Merchandise"
06/09/2020,06/09/2020,"EYESEEME 314-349-1122 MO",19.99,"Merchandise"
06/09/2020,06/09/2020,"STARBUCKS CARD EGIFT 877-850-1977 ME42219088NB25KPW3",10.00,"Services"
06/09/2020,06/09/2020,"TARGET.COM * 800-591-3869 MN",20.16,"Merchandise"
06/09/2020,06/11/2020,"DSW. 866-379-7463 OHDSW.",-39.40,"Payments and Credits"
06/09/2020,06/11/2020,"OLD NAVY ON-LINE 800-OLDNAVY OH",-16.42,"Payments and Credits"
06/09/2020,06/11/2020,"OLD NAVY ON-LINE 800-OLDNAVY OH",-16.42,"Payments and Credits"
06/09/2020,06/11/2020,"OLD NAVY US 5765 OVERLAND PARKKS000006",-16.91,"Payments and Credits"
06/10/2020,06/10/2020,"DSW. 866-379-7463 OHDSW.",49.80,"Merchandise"
06/10/2020,06/10/2020,"FRIENDS LIQUOR OVERLAND PARKKS",55.19,"Merchandise"
06/10/2020,06/10/2020,"GOODWILL 220 OF W MISSOU OVERLAND PARKKS",20.00,"Merchandise"
06/10/2020,06/10/2020,"TARGET.COM * 800-591-3869 MN",21.65,"Merchandise"
06/10/2020,06/11/2020,"TARGET.COM * 800-591-3869 MN",-5.80,"Payments and Credits"
06/11/2020,06/11/2020,"ALDI 46051 OVERLAND PAR KSCASHOVER $ 20.00 PURCHASES $ 109.10",129.10,"Supermarkets"
06/12/2020,06/12/2020,"BANFIELD-PET*WPPAYMENT 866-894-7927 WA",40.95,"Merchandise"
06/12/2020,06/12/2020,"TARGET OVERLAND PARKKS",54.53,"Supermarkets"
06/13/2020,06/13/2020,"CHEWY.COM 800-672-4399 FLPMT-8TCAVIGF1Q",68.55,"Merchandise"
06/13/2020,06/13/2020,"ETSY.COM BROOKLYN NY",9.50,"Merchandise"
06/13/2020,06/13/2020,"TRADER JOE'S #723 QPS LEAWOOD KS",55.89,"Supermarkets"
06/13/2020,06/13/2020,"WALMART GROCERY 800-966-6546 AR",39.84,"Supermarkets"
06/14/2020,06/14/2020,"CASEYS OLATHE OLATHE KS",27.13,"Gasoline"
06/14/2020,06/14/2020,"FRIENDS LIQUOR OVERLAND PARKKS",9.73,"Merchandise"
06/15/2020,06/15/2020,"AMZN MKTP US*MS5DQ0FY0 AMZN.COM/BILLWA7JLYQNJZ0DI",24.07,"Merchandise"
06/15/2020,06/15/2020,"SONIC DRIVE IN #3317 9136853600 KS",7.09,"Restaurants"
06/15/2020,06/15/2020,"SONICDRIVEINSTORE.COM 877-828-7868 OK",5.00,"Restaurants"
06/15/2020,06/17/2020,"BURGERFI-LEAWOOD LEAWOOD KS",4.92,"Restaurants"
06/15/2020,06/17/2020,"BURGERFI-LEAWOOD LEAWOOD KS",33.86,"Restaurants"
06/15/2020,06/17/2020,"CHIPOTLE 3164 OLATHE KS",7.83,"Restaurants"
06/16/2020,06/17/2020,"AMZN MKTP US*MY7VZ1Y72 AMZN.COM/BILLWAD7L6J69UY8T",14.98,"Merchandise"
06/16/2020,06/17/2020,"PIZZA SHUTTLE - OVERLAND OVERLAND PARKKS",25.00,"Restaurants"
06/17/2020,06/17/2020,"CASEYS OLATHE OLATHE KS",35.49,"Gasoline"
06/17/2020,06/17/2020,"SAWASDEE THAI CUISINE OVERLAND PARKKS",10.73,"Restaurants"
06/17/2020,06/17/2020,"TARGET OLATHE KS",16.41,"Supermarkets"
06/17/2020,06/18/2020,"TARGET OVERLAND PARKKS",-16.37,"Payments and Credits"
06/18/2020,06/18/2020,"ALDI 46051 OVERLAND PAR KS",114.77,"Supermarkets"
06/18/2020,06/18/2020,"HOT BASIL THAI CUISINE OVERLAND PARKKS",14.95,"Restaurants"
06/18/2020,06/18/2020,"LOWES.COM 800-445-6937 NC",162.56,"Home Improvement"
06/19/2020,06/19/2020,"CASHBACK BONUS REDEMPTION PYMT/STMT CRDT",-33.26,"Awards and Rebate Credits"
06/19/2020,06/19/2020,"HOMEDEPOT.COM 800-430-3376 GA",209.10,"Home Improvement"
06/19/2020,06/19/2020,"INTERNET PAYMENT - THANK YOU",-1430.86,"Payments and Credits"
06/19/2020,06/19/2020,"LOWE'S OF OLATHE, KS OLATHE KS",43.72,"Home Improvement"
06/19/2020,06/19/2020,"METCALF DISCOUNT LIQUOR2 OLATHE KS",27.52,"Merchandise"
06/19/2020,06/19/2020,"METCALF DISCOUNT LIQUOR2 OLATHE KS",29.15,"Merchandise"
06/19/2020,06/19/2020,"SHERWIN WILLIAMS 707530 OLATHE KS",71.48,"Home Improvement"
06/19/2020,06/19/2020,"WAL-MART SC - #0577 OLATHE KS",16.39,"Merchandise"
06/19/2020,06/19/2020,"WAL-MART SC - #0577 OLATHE KS",31.82,"Merchandise"
06/20/2020,06/20/2020,"MEYER MUSIC CO OVERLAND PARKKS",81.99,"Merchandise"
06/20/2020,06/20/2020,"SHERWIN WILLIAMS 723959 OLATHE KS",81.76,"Home Improvement"
06/20/2020,06/20/2020,"SHERWIN WILLIAMS 723959 OLATHE KS",87.76,"Home Improvement"
06/22/2020,06/22/2020,"INTUIT *TURBOTAX 800-446-8848 CAIGS 110616983442",236.37,"Merchandise"
06/22/2020,06/22/2020,"WALGREENS #9424 OVERLAND PARKKS",23.98,"Merchandise"
06/23/2020,06/23/2020,"ALDI 46051 OVERLAND PAR KS",74.55,"Supermarkets"
06/23/2020,06/23/2020,"ERIKS BIKE SHOP OVERLAND PARKKS",403.66,"Merchandise"
06/24/2020,06/24/2020,"DISNEYPLUS 888-905-7888 CADISNEYPLUS",7.64,"Merchandise"
06/24/2020,06/24/2020,"HOMEDEPOT.COM 858-831-2000 GA",64.59,"Home Improvement"
06/24/2020,06/24/2020,"SAWASDEE THAI CUISINE OVERLAND PARKKS",12.73,"Restaurants"
06/24/2020,06/24/2020,"SHERWIN WILLIAMS 723959 OLATHE KS",12.00,"Home Improvement"
06/25/2020,06/25/2020,"AMZN MKTP US*MS64W38C2 AMZN.COM/BILLWA1F0BVXR56VF",14.99,"Merchandise"
06/25/2020,06/25/2020,"MALONEYS SPORTSBAR& GRIL OVERLAND PARKKS",19.82,"Restaurants"
06/26/2020,06/26/2020,"APPLE.COM/BILL 866-712-7753 CAMSSGB90JD3A0",2.99,"Merchandise"
06/26/2020,06/26/2020,"HY-VEE OLATHE 1463 OLATHE KS",41.53,"Supermarkets"
06/26/2020,06/26/2020,"JACKSON COUNTY P AND R 816-5034800 MO",4.26,"Government Services"
06/27/2020,06/27/2020,"ABSOLUTE BEAUTY 106 OLATHE KS",103.30,"Merchandise"
06/27/2020,06/27/2020,"AMAZON.COM*MS1ZL32L2 AMZN.COM/BILLWA6PFX4BDWLX6",36.75,"Merchandise"
06/27/2020,06/27/2020,"MICRO CENTER #191 RETAIL OVERLAND PARKKS",132.10,"Merchandise"
06/28/2020,06/28/2020,"ALDI 46051 OVERLAND PAR KS",102.96,"Supermarkets"
06/28/2020,06/28/2020,"CASEYS OLATHE OLATHE KS",28.96,"Gasoline"
06/29/2020,06/29/2020,"CHEESECAKE OVERLAND PARK OVERLAND PARKKS",22.44,"Restaurants"
06/29/2020,06/29/2020,"HARRYS 888-212-6855 888-212-6855 NY",21.00,"Merchandise"
06/30/2020,06/30/2020,"AMERICAN GUNNER 720-619-8238 CO",29.95,"Merchandise"
06/30/2020,06/30/2020,"AMZN MKTP US*MS2BN5YG2 AMZN.COM/BILLWA70H73DKJOR1",6.99,"Merchandise"
06/30/2020,06/30/2020,"SQ *MANNA MEADOWS ALPA GOSQ.COM KS0001152921509300811211",20.00,"Supermarkets"
06/30/2020,06/30/2020,"TARGET.COM * 800-591-3869 MN",27.60,"Merchandise"
07/01/2020,07/01/2020,"IPSY GLAM BAG HELP.IPSY.COMCA10064OFA",12.00,"Merchandise"
07/01/2020,07/01/2020,"TARGET OLATHE KS",71.10,"Supermarkets"
07/02/2020,07/02/2020,"ALDI 46051 OVERLAND PAR KS",96.83,"Supermarkets"
07/02/2020,07/02/2020,"AMAZON.COM*MJ6P20OI2 AMZN.COM/BILLWA727D22O18BB",9.84,"Merchandise"
07/02/2020,07/02/2020,"DOLLAR TREE OVERLAND PARKKS",8.00,"Merchandise"
07/02/2020,07/02/2020,"FRIENDS LIQUOR OVERLAND PARKKS",74.77,"Merchandise"
07/02/2020,07/02/2020,"SQ *THE BERRY PATCH CLEVELAND MO0002305843013018661485",6.31,"Supermarkets"
07/02/2020,07/02/2020,"STARBUCKS 800-782-7282 WA814324818C2ZAPWJ",15.00,"Restaurants"
07/03/2020,07/03/2020,"AMAZON WEB SERVICES AWS.AMAZON.COWA7740KBXQ79Y",10.75,"Services"
07/03/2020,07/03/2020,"FIREWORK MANIA 1 SPRING HILL KS",106.23,"Merchandise"
07/04/2020,07/04/2020,"HOBBY-LOBBY #0020 OVERLAND PARKKS",25.69,"Merchandise"
07/04/2020,07/04/2020,"HOMEGOODS #0771 OVERLAND PARKKS",6.62,"Merchandise"
07/04/2020,07/04/2020,"HOMEGOODS #0771 OVERLAND PARKKS",200.11,"Merchandise"
07/04/2020,07/04/2020,"HY-VEE OLATHE 1463 OLATHE KS",16.39,"Supermarkets"
07/05/2020,07/05/2020,"FRIENDS LIQUOR OVERLAND PARKKS",9.73,"Merchandise"
07/05/2020,07/05/2020,"FRS TAC LLC 800-748-4949 NERC41527117",53.46,"Travel/ Entertainment"
07/05/2020,07/05/2020,"OLD NAVY US 5765 OVERLAND PARKKS00592R",26.16,"Merchandise"
07/05/2020,07/05/2020,"SOMA 239-274-4018 FL",51.38,"Merchandise"
07/05/2020,07/05/2020,"SONICDRIVEINSTORE.COM 877-828-7868 OK",1.71,"Restaurants"
07/05/2020,07/05/2020,"TRADER JOE'S #723 QPS LEAWOOD KS",102.12,"Supermarkets"
07/06/2020,07/06/2020,"GOOGLE *GOOGLE STORAGE 855-836-3987 CAP0UFUDZL",1.99,"Merchandise"
07/06/2020,07/06/2020,"HOBBY-LOBBY #0075 OLATHE KS",14.82,"Merchandise"
07/06/2020,07/06/2020,"K MACHOS MEXICAN REST #2 OVERLAND PARKKS",35.01,"Restaurants"
07/06/2020,07/06/2020,"MARSHALLS #0609 OLATHE KS",96.06,"Merchandise"
07/06/2020,07/08/2020,"MARSHALLS #0609 OLATHE KS",-28.73,"Payments and Credits"
07/07/2020,07/07/2020,"GOV*KS DMV 800-268-9153 KSGOV*KS DMV",201.52,"Government Services"
07/07/2020,07/07/2020,"GOV*KS DMV 800-268-9153 KSGOV*KS DMV",476.88,"Government Services"
07/07/2020,07/07/2020,"J CREW 800-562-0258 VA",39.41,"Merchandise"
07/08/2020,07/08/2020,"ACT*OLATHE PARKS REC 913-9718600 KSTQTIJECW78029018",20.00,"Government Services"
07/08/2020,07/08/2020,"TARGET.COM * 800-591-3869 MN",43.98,"Merchandise"
07/09/2020,07/09/2020,"AMAZON PRIME*MJ2VB37E1 AMZN.COM/BILLWA5KJAWU3FPHN",12.99,"Merchandise"
07/09/2020,07/09/2020,"KCUC CBO 913-341-7985 KS",137.00,"Medical Services"
07/09/2020,07/09/2020,"SONICDRIVEINSTORE.COM 877-828-7868 OK",9.13,"Restaurants"
07/10/2020,07/10/2020,"ATHLETA ONLINE GROVEPORT OH",13.68,"Merchandise"
07/10/2020,07/10/2020,"ATHLETA ONLINE GROVEPORT OH",113.84,"Merchandise"
07/10/2020,07/10/2020,"ATHLETA ONLINE GROVEPORT OH",383.11,"Merchandise"
07/10/2020,07/10/2020,"OLATHE DCJ RAM 913-780-3700 KS",1367.40,"Automotive"
07/10/2020,07/10/2020,"PAPA MURPHY'S KS008 OLO 913-897-0008 KS",36.00,"Restaurants"
07/10/2020,07/12/2020,"SQ *MANNA MEADOWS ALPA GOSQ.COM KS0001152921509300811211",-20.00,"Payments and Credits"
07/12/2020,07/12/2020,"BANFIELD-PET*WPPAYMENT 866-894-7927 WA",40.95,"Merchandise"
07/12/2020,07/12/2020,"CASEYS OLATHE OLATHE KS",37.91,"Gasoline"
07/12/2020,07/12/2020,"TAPTHRU ONLINE ORDER 913-605-6581 KS",51.06,"Restaurants"
07/13/2020,07/13/2020,"HOBBY-LOBBY #0075 OLATHE KS",36.93,"Merchandise"
07/13/2020,07/13/2020,"INSTACART*ALDI 8882467822 CA",75.45,"Supermarkets"
07/13/2020,07/13/2020,"NORDSTROM DIRECT #0808 CEDAR RAPIDS IA",64.04,"Department Stores"
07/14/2020,07/14/2020,"LULULEMONCOM* 877-263-9300 CA88942691PC1NBK6B",76.23,"Merchandise"
07/14/2020,07/14/2020,"TARGET.COM * 800-591-3869 MN",4.19,"Merchandise"
07/14/2020,07/14/2020,"TARGET.COM * 800-591-3869 MN",5.87,"Merchandise"
07/14/2020,07/14/2020,"TARGET.COM * 800-591-3869 MN",7.32,"Merchandise"
07/14/2020,07/14/2020,"TARGET.COM * 800-591-3869 MN",17.60,"Merchandise"
07/15/2020,07/15/2020,"AMAZON.COM*MV0598CD0 AMZN.COM/BILLWA6BNSYM4F9FX",35.04,"Merchandise"
07/15/2020,07/15/2020,"AMZN MKTP US*MV5ZD8CK0 AMZN.COM/BILLWA4VOXEETJGA5",13.23,"Merchandise"
07/15/2020,07/15/2020,"INTERNET PAYMENT - THANK YOU",-6610.28,"Payments and Credits"
07/15/2020,07/15/2020,"METCALF DISCOUNT LIQUOR2 OLATHE KS",43.17,"Merchandise"
07/15/2020,07/15/2020,"TARGET OVERLAND PARKKS",54.64,"Supermarkets"
07/15/2020,07/17/2020,"THE HOME DEPOT #2209 OVERLAND PARKKS",-108.38,"Payments and Credits"
07/16/2020,07/17/2020,"HOBBY-LOBBY #0075 OLATHE KS",47.14,"Merchandise"
07/16/2020,07/17/2020,"PRIME VIDEO*MJ26X2RN2 888-802-3080 WA7BU9L9YYFKR",7.99,"Merchandise"
07/16/2020,07/17/2020,"PRIME VIDEO*MV06H20C1 888-802-3080 WA76ZQOCKSQDL",3.99,"Merchandise"
07/18/2020,07/18/2020,"ALDI 46051 OVERLAND PAR KS",84.60,"Supermarkets"
07/18/2020,07/18/2020,"ATHLETA US 7599 LEAWOOD KS01863R",56.72,"Merchandise"
07/18/2020,07/18/2020,"FH* LAKE PERRY YACHT 855-495-5551 KS",590.20,"Travel/ Entertainment"
07/18/2020,07/18/2020,"FRIENDS LIQUOR OVERLAND PARKKS",9.73,"Merchandise"
07/18/2020,07/18/2020,"HY-VEE OLATHE 1463 OLATHE KS",5.46,"Supermarkets"
07/18/2020,07/20/2020,"ATHLETA ONLINE 877-328-4538 OH",-65.68,"Payments and Credits"
07/18/2020,07/20/2020,"ATHLETA ONLINE 877-328-4538 OH",-43.09,"Payments and Credits"
07/18/2020,07/20/2020,"ATHLETA ONLINE 877-328-4538 OH",-32.83,"Payments and Credits"
07/18/2020,07/20/2020,"ATHLETA ONLINE 877-328-4538 OH",-12.92,"Payments and Credits"
07/19/2020,07/19/2020,"SQ *1KC BY AMELIA'S DE OVERLAND PARKKS0002305843013060776633",50.00,"Merchandise"
07/19/2020,07/19/2020,"TRADER JOE'S #723 QPS LEAWOOD KS",73.59,"Supermarkets"
07/20/2020,07/20/2020,"JOCO PARK REC DISTRIC SHAWNEE MISSIKS",60.00,"Government Services"
07/21/2020,07/21/2020,"ARBOR CREEK WINE AND SPI OLATHE KS",18.11,"Merchandise"
07/21/2020,07/21/2020,"SQ *CARMEN'S COCINA II OLATHE KS0002305843013065985614",28.25,"Restaurants"
07/21/2020,07/21/2020,"TARGET.COM * 800-591-3869 MN",17.69,"Merchandise"
07/22/2020,07/22/2020,"INSTACART*ALDI 8882467822 CA",50.43,"Supermarkets"
07/22/2020,07/22/2020,"MCDONALD'S F10885 OVERLAND PARKKS",7.83,"Restaurants"
07/22/2020,07/22/2020,"PAYPAL *JIEGUOFEI 402-935-7733 CA",29.94,"Merchandise"
07/23/2020,07/23/2020,"WALGREENS #6112 OLATHE KS",143.89,"Merchandise"
07/24/2020,07/24/2020,"ANNTAYLOR LOFT.COM #612 800-342-5266 CT",55.70,"Merchandise"
07/24/2020,07/24/2020,"DISNEYPLUS 888-905-7888 CADISNEYPLUS",7.64,"Merchandise"
07/24/2020,07/24/2020,"FRIENDS LIQUOR OVERLAND PARKKS",49.88,"Merchandise"
07/24/2020,07/24/2020,"LAMARS DONUTS KU OVERLAND PARKKS",8.58,"Restaurants"
07/24/2020,07/24/2020,"OLD NAVY ON-LINE GROVEPORT OH",175.18,"Merchandise"
07/24/2020,07/24/2020,"TARGET OVERLAND PARKKS",56.01,"Supermarkets"
07/25/2020,07/25/2020,"CHEWY.COM 800-672-4399 FLPMT-JYULXCPN6B",68.55,"Merchandise"
07/25/2020,07/25/2020,"INSTACART*ALDI 8882467822 CA",77.35,"Supermarkets"
07/26/2020,07/26/2020,"AMZN MKTP US*MV9E07BB2 AMZN.COM/BILLWA6JAVEUDRL7A",12.99,"Merchandise"
07/26/2020,07/26/2020,"APPLE.COM/BILL 866-712-7753 CAMSSGM2YJJJA0",2.99,"Merchandise"
07/26/2020,07/26/2020,"GARRY GRIBBLES RUNNING S OVERLAND PARKKS",189.29,"Merchandise"
07/27/2020,07/27/2020,"OLD NAVY ON-LINE GROVEPORT OH",3.94,"Merchandise"
07/28/2020,07/28/2020,"FRIENDS LIQUOR OVERLAND PARKKS",43.27,"Merchandise"
07/28/2020,07/28/2020,"HY-VEE GAS OV PK 5509 OVERLAND PARKKS",33.14,"Gasoline"
07/28/2020,07/28/2020,"OLD NAVY ON-LINE GROVEPORT OH",28.57,"Merchandise"
07/28/2020,07/28/2020,"SQ *TAD'S SHAVED ICE-O LAWRENCE KS0001152921509367848803",8.16,"Restaurants"
07/29/2020,07/29/2020,"FBPAY 4PAWSFORABILIT DONATE.FB.COMCAP3143266429121308",20.00,"Services"
07/30/2020,07/30/2020,"GOODWILL 220 OF W MISSOU OVERLAND PARKKS",30.00,"Merchandise"
07/30/2020,07/30/2020,"JIMMY JOHNS - 822 OVERLAND PARKKS",6.60,"Restaurants"
07/31/2020,07/31/2020,"LAMARS DONUTS KU OVERLAND PARKKS",6.42,"Restaurants"
08/01/2020,08/01/2020,"AIRBNB HMDBFQCKDZ 855-424-7262 CA",170.04,"Travel/ Entertainment"
08/01/2020,08/01/2020,"BILLIE, INC. 8888207422 NY",9.85,"Services"
08/01/2020,08/01/2020,"FIVE GUYS KS 0281 QSR OLATHE KS",36.84,"Restaurants"
08/01/2020,08/01/2020,"INSTACART*ALDI 8882467822 CA",89.60,"Supermarkets"
08/01/2020,08/01/2020,"IPSY GLAM BAG HELP.IPSY.COMCA1009J0RD",12.00,"Merchandise"
08/01/2020,08/01/2020,"MEYER MUSIC CO OVERLAND PARKKS",101.99,"Merchandise"
08/02/2020,08/02/2020,"AMZN MKTP US*MF2UB1XP1 AMZN.COM/BILLWA3Z33XTSLPUD",32.31,"Merchandise"
08/02/2020,08/02/2020,"AMZN MKTP US*MF2UR1ZV0 AMZN.COM/BILLWA2VB5UC928TW",18.19,"Merchandise"
08/02/2020,08/02/2020,"TRADER JOE'S #723 QPS LEAWOOD KS",73.36,"Supermarkets"
08/03/2020,08/03/2020,"AMAZON WEB SERVICES AWS.AMAZON.COWA1CJM5XJ5R9X",10.72,"Services"
08/03/2020,08/03/2020,"DAIRY QUEEN #11581 OLATHE KS",11.46,"Restaurants"
08/03/2020,08/03/2020,"RED BRIDGE ROAD KANSAS CITY MO",34.84,"Gasoline"
08/03/2020,08/03/2020,"TARGET.COM * 800-591-3869 MN",40.65,"Merchandise"
08/04/2020,08/04/2020,"KS.GOV PAYMENT 800-452-6727 KS",73.00,"Government Services"
08/05/2020,08/05/2020,"GENESIS HEALTH CLUBS 63 3166813010 KS",53.46,"Travel/ Entertainment"
08/05/2020,08/05/2020,"HORIZON MENTAL HEALTH 785-740-4647 KS",160.00,"Medical Services"
08/05/2020,08/05/2020,"POTTERYBARN.COM 800-922-9934 CA301102140706",1038.04,"Merchandise"
08/05/2020,08/05/2020,"SQ *TAD'S SHAVED ICE-O LAWRENCE KS0002305843013102302125",9.25,"Restaurants"
08/05/2020,08/05/2020,"TRADER JOE'S #723 QPS LEAWOOD KS",31.53,"Supermarkets"
08/06/2020,08/06/2020,"AUDIBLE*MF0B20PW0 AMZN.COM/BILLNJ5LFAZD2331X",14.95,"Merchandise"
08/06/2020,08/06/2020,"GOOGLE *GOOGLE STORAGE 855-836-3987 CAP0UMPX2H",1.99,"Services"
08/06/2020,08/06/2020,"TARGET.COM * 800-591-3869 MN",15.00,"Merchandise"
08/06/2020,08/06/2020,"TARGET.COM * 800-591-3869 MN",70.99,"Merchandise"
08/07/2020,08/07/2020,"FRIENDS LIQUOR OVERLAND PARKKS",45.43,"Merchandise"
08/07/2020,08/07/2020,"LAMARS DONUTS KU OVERLAND PARKKS",4.03,"Restaurants"
08/07/2020,08/07/2020,"SQ *PHO SAI GON OVERLAND PARKKS0002305843013106750054",15.70,"Restaurants"
08/08/2020,08/08/2020,"ACT*OLATHE PARKS REC 913-9718600 KSTVA1IUVT73759264",10.00,"Government Services"
08/08/2020,08/08/2020,"AMZN MKTP US*MF9DN4VX2 AMZN.COM/BILLWA9QVR49EQXL5",23.78,"Merchandise"
08/08/2020,08/08/2020,"GAP OUTLET.COM 2679 GROVEPORT OH",12.38,"Merchandise"
08/08/2020,08/08/2020,"HOBBY-LOBBY #0075 OLATHE KS",12.80,"Merchandise"
08/08/2020,08/08/2020,"HY-VEE OLATHE 1463 OLATHE KS",10.71,"Supermarkets"
08/08/2020,08/08/2020,"INSTACART*ALDI 8882467822 CA",77.37,"Supermarkets"
08/08/2020,08/08/2020,"MINIT MART EG 772 OLATHE KS",33.18,"Gasoline"
08/09/2020,08/09/2020,"AMAZON PRIME*MF89O7H42 AMZN.COM/BILLWA1NY7H1GICSM",12.99,"Merchandise"
08/09/2020,08/09/2020,"AMZN MKTP US*MF26L8RV1 AMZN.COM/BILLWA2KSPVSOREM8",12.91,"Merchandise"
08/10/2020,08/10/2020,"GAP OUTLET.COM 2679 GROVEPORT OH",44.21,"Merchandise"
08/10/2020,08/10/2020,"JIMMY JOHNS # 822 - E OVERLAND PARKKS",12.14,"Restaurants"
08/11/2020,08/11/2020,"HORIZON MENTAL HEALTH 785-740-4647 KS",160.00,"Medical Services"
08/11/2020,08/11/2020,"HY-VEE OLATHE 1463 OLATHE KS",13.06,"Supermarkets"
08/11/2020,08/11/2020,"INSTACART*ALDI 8882467822 CA",51.19,"Supermarkets"
08/11/2020,08/11/2020,"LATE FEE",29.00,"Fees"
08/11/2020,08/11/2020,"SONIC DRIVE IN #3317 STANLEY KS",5.09,"Restaurants"
08/12/2020,08/12/2020,"BANFIELD-PET*WPPAYMENT 866-894-7927 WA",40.95,"Merchandise"
08/12/2020,08/12/2020,"SM PHYS GROUP 913-6768400 KS",25.00,"Medical Services"
08/12/2020,08/12/2020,"WALGREENS #6112 OLATHE KS",59.99,"Merchandise"
08/13/2020,08/13/2020,"ALDI 46051 OVERLAND PAR KS",115.60,"Supermarkets"
08/13/2020,08/13/2020,"WWW COSTCO COM 800-955-2292 WA00847313081738",153.26,"Warehouse Clubs"
08/14/2020,08/14/2020,"LAMARS DONUTS KU OVERLAND PARKKS",4.03,"Restaurants"
08/14/2020,08/14/2020,"STAR FUEL CENTERS 443 OVERLAND PARKKS",36.70,"Gasoline"
08/14/2020,08/14/2020,"TARGET OVERLAND PARKKS",46.90,"Supermarkets"
08/14/2020,08/14/2020,"TARGET.COM * 800-591-3869 MN",10.00,"Merchandise"
08/14/2020,08/14/2020,"TARGET.COM * 800-591-3869 MN",41.51,"Merchandise"
08/14/2020,08/16/2020,"TARGET OVERLAND PARKKS",-12.92,"Payments and Credits"
08/15/2020,08/15/2020,"MADEWELL.COM 866-544-1937 NY",16.54,"Merchandise"
08/15/2020,08/15/2020,"SQ *CARMEN'S COCINA II OLATHE KS0002305843013127803219",23.26,"Restaurants"
08/15/2020,08/15/2020,"SQ *KC WINE CO OLATHE KS0001152921509412597981",38.66,"Supermarkets"
08/15/2020,08/15/2020,"STARBUCKS 800-782-7282 WA76595801PDKS5IYA",10.00,"Restaurants"
08/15/2020,08/17/2020,"ACT CITYOFOLATHE OLATHE KSTWFYPZ8612769364",5.00,"Government Services"
08/15/2020,08/17/2020,"CVS/PHARMACY #05274 OLATHE KS",15.85,"Merchandise"
08/15/2020,08/17/2020,"SAWASDEE THAI CUISINE OVERLAND PARKKS",30.00,"Restaurants"
08/15/2020,08/17/2020,"WALGREENS #6112 OLATHE KS",26.25,"Merchandise"
08/16/2020,08/16/2020,"INTEREST CHARGE ON PURCHASES",32.73,"Interest"
08/16/2020,08/17/2020,"INSTACART*ALDI 8882467822 CA",60.17,"Supermarkets"
08/17/2020,08/17/2020,"TARGET OVERLAND PARKKS",33.58,"Supermarkets"
08/17/2020,08/18/2020,"TARGET OVERLAND PARKKS",-30.54,"Payments and Credits"
08/18/2020,08/18/2020,"HY-VEE OLATHE 1463 OLATHE KS",16.39,"Supermarkets"
08/19/2020,08/19/2020,"CASHBACK BONUS REDEMPTION PYMT/STMT CRDT",-144.86,"Awards and Rebate Credits"
08/19/2020,08/19/2020,"FRIENDS LIQUOR OVERLAND PARKKS",22.71,"Merchandise"
08/19/2020,08/19/2020,"INTERNET PAYMENT - THANK YOU",-5519.60,"Payments and Credits"
08/19/2020,08/19/2020,"TST* NOTHING BUNDT CAKES OVERLAND PARKKS",54.50,"Restaurants"
08/21/2020,08/21/2020,"ACT*OLATHE PARKS REC 913-9718600 KSTXT92K5T41992626",20.00,"Government Services"
08/21/2020,08/21/2020,"LAMARS DONUTS KU OVERLAND PARKKS",5.10,"Restaurants"
08/21/2020,08/21/2020,"MESSENGER TOTAL PROMO 7853925133 KS",16.42,"Merchandise"
08/21/2020,08/21/2020,"SQ *PHO SAI GON OVERLAND PARKKS0001152921509426592199",13.62,"Restaurants"
08/21/2020,08/21/2020,"TARGET OVERLAND PARKKS",48.88,"Supermarkets"
08/22/2020,08/22/2020,"ACT CITYOFOLATHE OLATHE KSTXJK0ELO05241619",5.00,"Government Services"
08/22/2020,08/22/2020,"INSTACART*ALDI 8882467822 CA",86.67,"Supermarkets"
08/22/2020,08/22/2020,"STORY LLC FAIRWAY KS",218.28,"Restaurants"
08/23/2020,08/23/2020,"AMZN MKTP US*MM4MC05D2 AMZN.COM/BILLWA1XNQMT9TP28",88.50,"Merchandise"
08/23/2020,08/23/2020,"TARGET OVERLAND PARKKS",16.63,"Supermarkets"
08/23/2020,08/23/2020,"TRADER JOE'S #723 QPS LEAWOOD KS",81.65,"Supermarkets"
08/24/2020,08/24/2020,"AMZN MKTP US*MM7877BA2 AMZN.COM/BILLWA6H18CRNBU6H",5.65,"Merchandise"
08/24/2020,08/24/2020,"CASEYS OLATHE OLATHE KS",37.27,"Gasoline"
08/24/2020,08/24/2020,"DISNEYPLUS 888-905-7888 CADISNEYPLUS",7.64,"Merchandise"
08/24/2020,08/24/2020,"FRIENDS LIQUOR OVERLAND PARKKS",28.12,"Merchandise"
08/24/2020,08/24/2020,"HOBBY-LOBBY #0075 OLATHE KS",26.23,"Merchandise"
08/25/2020,08/25/2020,"HY-VEE OLATHE 1463 OLATHE KS",11.47,"Supermarkets"
08/25/2020,08/25/2020,"PARTY CITY 938 OVERLAND PARKKS02531R",31.04,"Merchandise"
08/26/2020,08/26/2020,"ANNTAYLOR LOFT.COM #612 800-342-5266 CT",133.02,"Merchandise"
08/27/2020,08/27/2020,"APPLE.COM/BILL 866-712-7753 CAMSSGXFHSN6A0",2.99,"Merchandise"
08/27/2020,08/27/2020,"MCDONALD'S F8013 OVERLAND PARKKS",5.65,"Restaurants"
08/28/2020,08/28/2020,"CHEWY.COM 800-672-4399 FLPMT-QKZESZTALS",68.55,"Merchandise"
08/28/2020,08/28/2020,"INSTACART*ALDI 8882467822 CA",106.14,"Supermarkets"
08/28/2020,08/28/2020,"JOSE PEPPERS OLATHE OLATHE KS",27.85,"Restaurants"
08/28/2020,08/28/2020,"LAMARS DONUTS KU OVERLAND PARKKS",6.17,"Restaurants"
08/28/2020,08/28/2020,"SONIC DRIVE IN #3317 9136853600 KS",10.07,"Restaurants"
08/28/2020,08/28/2020,"SONIC DRIVE IN #3317 STANLEY KS",2.28,"Restaurants"
08/29/2020,08/29/2020,"LCA*LABCORP 8008456167 800-845-6167 NC000847503875",46.00,"Medical Services"
08/30/2020,08/30/2020,"HY-VEE OLATHE 1463 OLATHE KS",14.75,"Supermarkets"
08/30/2020,08/30/2020,"STARBUCKS STORE 11626 OLATHE KS782752",9.74,"Restaurants"
08/30/2020,08/30/2020,"TARGET.COM * 800-591-3869 MN",13.88,"Merchandise"
08/30/2020,08/30/2020,"TRADER JOE'S #723 QPS LEAWOOD KS",20.67,"Supermarkets"
09/01/2020,09/01/2020,"INSTACART*ALDI 8882467822 CA",40.57,"Supermarkets"
09/01/2020,09/02/2020,"HORIZON MENTAL HEALTH HIAWATHA KS",-320.00,"Payments and Credits"
09/03/2020,09/03/2020,"AMAZON WEB SERVICES AWS.AMAZON.COWA40JNMGNFQL1",10.73,"Services"
09/03/2020,09/03/2020,"INTERNET PAYMENT - THANK YOU",-1033.14,"Payments and Credits"
09/03/2020,09/03/2020,"SQ *JESSIE OLATHE KS0001152921509467446602",120.00,"Services"
09/04/2020,09/04/2020,"AMZN MKTP US*MU92H5PW2 AMZN.COM/BILLWA1MYGPU536UO",6.94,"Merchandise"
09/04/2020,09/04/2020,"FRIENDS LIQUOR OVERLAND PARKKS",53.76,"Merchandise"
09/04/2020,09/04/2020,"LAMARS DONUTS KU OVERLAND PARKKS",20.80,"Restaurants"
09/04/2020,09/04/2020,"SUNSET GRILL OVERLAND PARKKS",39.64,"Restaurants"
09/05/2020,09/05/2020,"HOBBY-LOBBY #0075 OLATHE KS",12.01,"Merchandise"
09/05/2020,09/05/2020,"HY-VEE OLATHE 1463 OLATHE KS",28.10,"Supermarkets"
09/05/2020,09/05/2020,"MEYER MUSIC CO OVERLAND PARKKS",61.99,"Merchandise"
09/05/2020,09/05/2020,"STAPLES 00118471105 OVERLAND PARKKS",26.45,"Merchandise"
09/05/2020,09/05/2020,"TARGET OVERLAND PARKKS",70.18,"Supermarkets"
09/06/2020,09/06/2020,"AMAZON.COM*MU02E4J70 AMZN.COM/BILLWA6734VRCS016",6.43,"Merchandise"
09/06/2020,09/06/2020,"AMZN MKTP US*MU2YQ6M72 AMZN.COM/BILLWA7GT2GSKQTM6",7.06,"Merchandise"
09/06/2020,09/06/2020,"AMZN MKTP US*MU84A0JV0 AMZN.COM/BILLWA39PNRP3FCLS",7.06,"Merchandise"
09/06/2020,09/06/2020,"AMZN MKTP US*MU94M4241 AMZN.COM/BILLWABTSTX3W7AB1",44.84,"Merchandise"
09/06/2020,09/06/2020,"AUDIBLE*MU24J0JT0 AMZN.COM/BILLNJ2UDDCU4RWZ4",14.95,"Merchandise"
09/06/2020,09/06/2020,"GOOGLE *GOOGLE STORAGE 855-836-3987 CAP0VLDSWG",1.99,"Merchandise"
09/06/2020,09/06/2020,"KWIK SHOP #0782 LENEXA KS",31.84,"Gasoline"
09/06/2020,09/06/2020,"MINIT MART EG 772 OLATHE KS",5.45,"Gasoline"
09/06/2020,09/06/2020,"MINIT MART EG 772 OLATHE KS",30.89,"Gasoline"
09/06/2020,09/06/2020,"SCOOTER'S COFFEE LENEXA KS",5.41,"Restaurants"
09/06/2020,09/06/2020,"WAL-MART SC - #0577 OLATHE KS",83.95,"Merchandise"
09/07/2020,09/07/2020,"AMAZON.COM*MU2E97AM0 AMZN.COM/BILLWA2BFEH5DMKOJ",16.96,"Merchandise"
09/07/2020,09/07/2020,"AMAZON.COM*MU7WF1HB2 AMZN.COM/BILLWA76JQRH85PLO",16.75,"Merchandise"
09/07/2020,09/07/2020,"INSTACART*ALDI 8882467822 CA",66.77,"Supermarkets"
09/07/2020,09/09/2020,"LOFT 1710 OAK PARK MALL OVERLAND PARKKS",-87.94,"Payments and Credits"
09/08/2020,09/08/2020,"AMAZON.COM*MU5VQ2BR2 AMZN.COM/BILLWA7FU8VFO8ZST",21.84,"Merchandise"
09/08/2020,09/08/2020,"GENESIS HEALTH CLUBS 63 3166813010 KS",53.46,"Travel/ Entertainment"
09/09/2020,09/09/2020,"AMAZON PRIME*MU1JY8X60 AMZN.COM/BILLWA2X6QSB3BDZW",12.99,"Merchandise"
09/10/2020,09/10/2020,"INSTACART*ALDI 8882467822 CA",48.46,"Supermarkets"
09/11/2020,09/11/2020,"OT* SOMERSET RIDGE 8003116623 TX",23.11,"Travel/ Entertainment"
09/11/2020,09/11/2020,"SAWASDEE THAI CUISINE OVERLAND PARKKS",16.09,"Restaurants"
09/12/2020,09/12/2020,"BANFIELD-PET*WPPAYMENT 866-894-7927 WA",40.95,"Merchandise"
09/12/2020,09/12/2020,"LOWE'S OF OLATHE, KS 913-397-7070 KS",181.86,"Home Improvement"
09/12/2020,09/12/2020,"LOWE'S OF OLATHE, KS OLATHE KS",185.01,"Home Improvement"
09/12/2020,09/12/2020,"TARGET OVERLAND PARKKS",24.31,"Supermarkets"
09/12/2020,09/12/2020,"TST* MCLAIN S BAKERY - O OVERLAND PARKKS",3.27,"Restaurants"
09/12/2020,09/12/2020,"TST* MCLAIN S BAKERY - O OVERLAND PARKKS",3.62,"Restaurants"
09/12/2020,09/14/2020,"OT* SOMERSET RIDGE 8003116623 TX",-23.11,"Payments and Credits"
09/14/2020,09/14/2020,"AMZN MKTP US*M41NY4ON2 AMZN.COM/BILLWA67W8NRNEOES",18.99,"Merchandise"
09/14/2020,09/14/2020,"WALGREENS #6112 OLATHE KS",3.31,"Merchandise"
09/15/2020,09/15/2020,"CENTURY MA* LAKEWOOD M 2149454000 KS",16.40,"Merchandise"
09/15/2020,09/15/2020,"INSTACART*ALDI 8882467822 CA",56.43,"Supermarkets"
09/15/2020,09/15/2020,"INTERNET PAYMENT - THANK YOU",-1294.87,"Payments and Credits"
09/15/2020,09/17/2020,"STAR FUEL CENTERS 443 OVERLAND PARKKS",37.94,"Gasoline"
09/16/2020,09/17/2020,"HY-VEE OLATHE 1463 OLATHE KS",40.36,"Supermarkets"
09/16/2020,09/17/2020,"SAWASDEE THAI CUISINE OVERLAND PARKKS",11.73,"Restaurants"
09/16/2020,09/17/2020,"STAR FUEL CENTERS 443 OVERLAND PARKKS",34.49,"Gasoline"
09/17/2020,09/17/2020,"STARBUCKS STORE 13646 OVERLAND PARKKS726118",2.45,"Restaurants"
09/17/2020,09/17/2020,"ZAP*6PM.COM 888-676-2660 NV4PTKGXFW6JQ",172.94,"Merchandise"
09/18/2020,09/18/2020,"HY-VEE OLATHE 1463 OLATHE KS",16.39,"Supermarkets"
09/18/2020,09/18/2020,"HY-VEE OLATHE 1463 OLATHE KS",29.51,"Supermarkets"
09/18/2020,09/18/2020,"QUEENS PRICE CHOPPER #6 OVERLAND PARKKS",28.62,"Supermarkets"
09/18/2020,09/18/2020,"SCHEELS OVERLAND PARK OVERLAND PARKKS",33.16,"Merchandise"
09/18/2020,09/18/2020,"SPIRITZ OVERLAND PARKKS",11.87,"Merchandise"
09/18/2020,09/18/2020,"TRADER JOE'S #723 QPS LEAWOOD KS",7.18,"Supermarkets"
09/19/2020,09/19/2020,"CLOTHES MENTOR OVERLAND OVERLAND PARKKS",17.46,"Merchandise"
09/19/2020,09/19/2020,"FOOD AT SAWASDEE THAI 913-735-3583 KS",12.23,"Restaurants"
09/19/2020,09/19/2020,"HOMEGOODS #0771 OVERLAND PARKKS",14.36,"Merchandise"
09/19/2020,09/19/2020,"TARGET.COM * 800-591-3869 MN",20.00,"Merchandise"
09/19/2020,09/19/2020,"TARGET.COM * 800-591-3869 MN",105.76,"Merchandise"
09/20/2020,09/20/2020,"AMZN MKTP US*M42LQ5ZK0 AMZN.COM/BILLWA66ASLO49ADA",13.98,"Merchandise"
09/20/2020,09/20/2020,"IKEA MERRIAM MERRIAM KS",316.77,"Merchandise"
09/20/2020,09/20/2020,"MESSENGER TOTAL PROMO 7853925133 KS",10.95,"Merchandise"
09/20/2020,09/20/2020,"SQ *PHO SAI GON OVERLAND PARKKS0002305843013238307900",16.35,"Restaurants"
09/20/2020,09/20/2020,"STARBUCKS 800-782-7282 800-782-7282 WA732248815F5E4EXN",15.00,"Restaurants"
09/20/2020,09/20/2020,"TRADER JOE'S #723 QPS LEAWOOD KS",95.54,"Supermarkets"
09/20/2020,09/20/2020,"ULTA.COM 866-983-8582 IL",13.27,"Merchandise"
09/20/2020,09/20/2020,"ULTA.COM 866-983-8582 IL",34.56,"Merchandise"
09/20/2020,09/21/2020,"TARGET OVERLAND PARKKS",-16.68,"Payments and Credits"
09/21/2020,09/21/2020,"DSW. 866-379-7463 OHDSW.",94.13,"Merchandise"
09/22/2020,09/22/2020,"INSTACART*ALDI 8882467822 CA",96.97,"Supermarkets"
09/22/2020,09/22/2020,"WALGREENS #6112 OLATHE KS",28.35,"Merchandise"
09/23/2020,09/23/2020,"AMZN MKTP US*M414W5S81 AMZN.COM/BILLWA16F3DIM0S37",8.99,"Merchandise"
09/24/2020,09/24/2020,"DISNEYPLUS 888-905-7888 CADISNEYPLUS",7.64,"Merchandise"
09/24/2020,09/24/2020,"HARRYS 888-212-6855 8882126855 NY",21.00,"Merchandise"
09/25/2020,09/25/2020,"CRATEANDBARREL/CB2 6305799000 IL",873.72,"Merchandise"
09/25/2020,09/25/2020,"FRIENDS LIQUOR OVERLAND PARKKS",11.90,"Merchandise"
09/25/2020,09/27/2020,"POTTERYBARN.COM 800-922-9934 CA9765003208318098",-1038.04,"Payments and Credits"
09/26/2020,09/26/2020,"AMZN MKTP US*M49CG62Q2 AMZN.COM/BILLWA2BZ2745Y6I6",38.26,"Merchandise"
09/26/2020,09/26/2020,"APPLE.COM/BILL 866-712-7753 CAMSSH4MYSZ0A0",2.99,"Merchandise"
09/26/2020,09/26/2020,"CASHBACK BONUS REDEMPTION PYMT/STMT CRDT",-28.80,"Awards and Rebate Credits"
09/26/2020,09/26/2020,"GO CARWASH KS100 OVERLAND PARKKS",9.00,"Automotive"
09/26/2020,09/26/2020,"INTERNET PAYMENT - THANK YOU",-1411.96,"Payments and Credits"
09/26/2020,09/26/2020,"LAMARS DONUTS KU OVERLAND PARKKS",5.55,"Restaurants"
09/26/2020,09/26/2020,"SONIC DRIVE IN #3317 9136853600 KS",1.95,"Restaurants"
09/26/2020,09/26/2020,"THE UPS STORE 2924 OVERLAND PARKKS02644R",22.32,"Services"
09/26/2020,09/26/2020,"WAL-MART SC - #3273 OVERLAND PARKKS",149.81,"Merchandise"
09/28/2020,09/28/2020,"AMAZON.COM*M49GQ3UA2 AMZN.COM/BILLWA64BUEG7P4FU",427.64,"Merchandise"
09/28/2020,09/28/2020,"AMZN MKTP US*M42CM7I22 AMZN.COM/BILLWA27XFL3PFKD5",54.97,"Merchandise"
09/28/2020,09/28/2020,"AMZN MKTP US*M43JF36U0 AMZN.COM/BILLWA3076JI54XYA",147.78,"Merchandise"
09/28/2020,09/28/2020,"AMZN MKTP US*M44PF7UO2 AMZN.COM/BILLWA6GUC7GJ3008",33.93,"Merchandise"
09/28/2020,09/28/2020,"AMZN MKTP US*M45AB1I52 AMZN.COM/BILLWA68OZGSQM63X",5.40,"Merchandise"
09/28/2020,09/28/2020,"AMZN MKTP US*M45GW1UW2 AMZN.COM/BILLWA3017WQZ8JA7",152.17,"Merchandise"
09/28/2020,09/28/2020,"AMZN MKTP US*M46690S00 AMZN.COM/BILLWA3EMGFMREBGH",30.00,"Merchandise"
09/28/2020,09/28/2020,"CASEYS OLATHE OLATHE KS",36.35,"Gasoline"
09/28/2020,09/28/2020,"STAR FUEL CENTERS 443 OVERLAND PARKKS",33.08,"Gasoline"
09/29/2020,09/29/2020,"J CREW 800-562-0258 VA",15.10,"Merchandise"
09/30/2020,09/30/2020,"ALDI 46051 OVERLAND PAR KS",58.00,"Supermarkets"
09/30/2020,09/30/2020,"TARGET.COM * 800-591-3869 MN",12.22,"Merchandise"
10/01/2020,10/01/2020,"AMZN MKTP US*M40887W00 AMZN.COM/BILLWA4Q3DQTV9ENO",16.03,"Merchandise"
10/01/2020,10/01/2020,"BILLIE, INC. 8888207422 NY",18.61,"Services"
10/01/2020,10/01/2020,"TARGET.COM * 800-591-3869 MN",10.00,"Merchandise"
10/02/2020,10/02/2020,"AMZN MKTP US*MK4W75NN2 AMZN.COM/BILLWAV02LKH868X2",176.29,"Merchandise"
10/02/2020,10/02/2020,"FRIENDS LIQUOR OVERLAND PARKKS",30.29,"Merchandise"
10/02/2020,10/02/2020,"HY-VEE OLATHE 1463 OLATHE KS",57.54,"Supermarkets"
10/02/2020,10/02/2020,"TRADER JOE'S #723 QPS LEAWOOD KS",57.64,"Supermarkets"
10/02/2020,10/02/2020,"TST* MCLAIN S BAKERY - O OVERLAND PARKKS",5.25,"Restaurants"
10/03/2020,10/03/2020,"AMAZON WEB SERVICES AWS.AMAZON.COWA7D4PUKFFKRP",10.45,"Services"
10/03/2020,10/03/2020,"HONDA OF OLATHE OLATHE KS",87.93,"Automotive"
10/03/2020,10/03/2020,"NORDSTROM DIRECT #0808 CEDAR RAPIDS IA",167.27,"Department Stores"
10/03/2020,10/03/2020,"WALGREENS #6112 OLATHE KS",12.57,"Merchandise"
10/04/2020,10/04/2020,"AIRBNB HMCEYTDAEK 855-424-7262 CA",66.84,"Travel/ Entertainment"
10/04/2020,10/04/2020,"HY-VEE OLATHE 1463 OLATHE KS",24.07,"Supermarkets"
10/04/2020,10/04/2020,"INSTACART*ALDI 8882467822 CA",73.12,"Supermarkets"
10/04/2020,10/04/2020,"KC CREW 8168121829 MO",88.88,"Services"
10/04/2020,10/04/2020,"TARGET OVERLAND PARKKS",20.91,"Supermarkets"
10/04/2020,10/05/2020,"AIRBNB HMDBFQCKDZ 4158005959 CA",-149.00,"Payments and Credits"
10/05/2020,10/05/2020,"GAP OUTLET.COM 2679 GROVEPORT OH",4.58,"Merchandise"
10/05/2020,10/05/2020,"GENESIS HEALTH CLUBS 63 3166813010 KS",53.46,"Travel/ Entertainment"
10/05/2020,10/05/2020,"SAWASDEE THAI CUISINE OVERLAND PARKKS",10.73,"Restaurants"
10/06/2020,10/06/2020,"AUDIBLE*MK40H35L1 AMZN.COM/BILLNJ4QW63XZBA72",14.95,"Merchandise"
10/06/2020,10/06/2020,"GAP OUTLET.COM 2679 GROVEPORT OH",3.53,"Merchandise"
10/06/2020,10/06/2020,"GOOGLE *GOOGLE STORAGE 855-836-3987 CAP0VTFYRH",1.99,"Merchandise"
10/07/2020,10/07/2020,"ANNTAYLOR LOFT.COM #612 800-342-5266 CT",76.05,"Merchandise"
10/07/2020,10/08/2020,"6PM.COM 888-676-2660 NV5RZEYP8SMFP",-96.33,"Payments and Credits"
10/08/2020,10/09/2020,"6PM.COM 888-676-2660 NV2OWX87BQ7HL",-76.61,"Payments and Credits"
10/09/2020,10/09/2020,"AMAZON PRIME*MK19C25Q0 AMZN.COM/BILLWA1XTXPS19R4M",12.99,"Merchandise"
10/09/2020,10/09/2020,"HOBBY-LOBBY #0075 OLATHE KS",10.21,"Merchandise"
10/09/2020,10/09/2020,"STAR FUEL CENTERS 443 OVERLAND PARKKS",38.98,"Gasoline"
10/10/2020,10/10/2020,"ETSY.COM BROOKLYN NY",15.50,"Merchandise"
10/10/2020,10/10/2020,"INTERNET PAYMENT - THANK YOU",-1858.78,"Payments and Credits"
10/10/2020,10/10/2020,"LOWE'S OF OLATHE, KS OLATHE KS",103.98,"Home Improvement"
10/10/2020,10/10/2020,"STARBUCKS 800-782-7282 800-782-7282 WA70947533YG0YI5NY",15.00,"Restaurants"
10/10/2020,10/10/2020,"TOP CELLARS WINE & SPIRI OLATHE KS",11.87,"Merchandise"
10/10/2020,10/10/2020,"TRADER JOE'S #723 QPS LEAWOOD KS",52.79,"Supermarkets"
10/10/2020,10/10/2020,"ZAP*ZAPPOS.COM 800-927-7671 NV3L4CEKZG9FM",73.90,"Merchandise"
10/11/2020,10/11/2020,"HY-VEE OLATHE 1463 OLATHE KS",38.26,"Supermarkets"
10/11/2020,10/11/2020,"INSTACART*ALDI 8882467822 CA",71.13,"Supermarkets"
10/11/2020,10/11/2020,"SW AIR DALLAS TX",118.98,"Travel/ Entertainment"
10/11/2020,10/11/2020,"SW AIR DALLAS TX",118.98,"Travel/ Entertainment"
10/11/2020,10/11/2020,"SW AIR DALLAS TX",118.98,"Travel/ Entertainment"
10/11/2020,10/11/2020,"SW AIR DALLAS TX",118.98,"Travel/ Entertainment"
10/11/2020,10/11/2020,"SW AIR DALLAS TX",164.98,"Travel/ Entertainment"
10/11/2020,10/11/2020,"SW AIR DALLAS TX",164.98,"Travel/ Entertainment"
10/11/2020,10/11/2020,"SW AIR DALLAS TX",164.98,"Travel/ Entertainment"
10/11/2020,10/11/2020,"SW AIR DALLAS TX",164.98,"Travel/ Entertainment"
10/12/2020,10/12/2020,"ACADEMY SPORTS# 188 OLATHE KS",98.53,"Merchandise"
10/12/2020,10/12/2020,"AMAZON.COM*MK0F566Z0 AMZN.COM/BILLWA3BT73NSI14H",30.50,"Merchandise"
10/12/2020,10/12/2020,"BANFIELD-PET*WPPAYMENT 866-894-7927 WA",40.95,"Merchandise"
10/12/2020,10/12/2020,"SAWASDEE THAI CUISINE OVERLAND PARKKS",11.73,"Restaurants"
10/14/2020,10/14/2020,"FRIENDS LIQUOR OVERLAND PARKKS",67.08,"Merchandise"
10/14/2020,10/16/2020,"DSW. 866-379-7463 OHDSW.",-49.80,"Payments and Credits"
10/15/2020,10/15/2020,"AMZN MKTP US*2T07T9NO1 AMZN.COM/BILLWA1OQ2B86IRA1",37.78,"Merchandise"
10/15/2020,10/15/2020,"AMZN MKTP US*MK9AT5YX0 AMZN.COM/BILLWA5O2BAAVGIOH",51.99,"Merchandise"
10/15/2020,10/15/2020,"VENMO 855-812-4430 NY",20.60,"Services"
10/15/2020,10/17/2020,"SAWASDEE THAI CUISINE OVERLAND PARKKS",8.73,"Restaurants"
10/16/2020,10/16/2020,"CHEWY.COM 800-672-4399 FLPMT-MQ5XN3RWFT",68.55,"Merchandise"
10/16/2020,10/17/2020,"AMAZON.COM*2T8LM3FZ0 AMZN.COM/BILLWA2GVSBNMS2HM",14.56,"Merchandise"
10/16/2020,10/17/2020,"SOMA 239-274-4018 FL",27.37,"Merchandise"
10/17/2020,10/17/2020,"HY-VEE OLATHE 1463 OLATHE KS",2.96,"Supermarkets"
10/17/2020,10/17/2020,"MCDONALD'S F19725 OLATHE KS",3.48,"Restaurants"
10/17/2020,10/17/2020,"SOMA 239-274-4018 FL",27.37,"Merchandise"
10/17/2020,10/17/2020,"TRADER JOE'S #723 QPS LEAWOOD KS",64.82,"Supermarkets"
10/17/2020,10/19/2020,"NORDSTROM #0230 OVERLAND PARKKS",-74.44,"Payments and Credits"
10/18/2020,10/18/2020,"ALDI 46051 OVERLAND PAR KS",95.63,"Supermarkets"
10/18/2020,10/18/2020,"TST* TALK OF THE TOWN - LEAWOOD KS",48.85,"Restaurants"
10/19/2020,10/19/2020,"TARGET.COM * 800-591-3869 MN",0.01,"Merchandise"
10/19/2020,10/19/2020,"TARGET.COM * 800-591-3869 MN",3.74,"Merchandise"
10/19/2020,10/19/2020,"TARGET.COM * 800-591-3869 MN",3.74,"Merchandise"
10/19/2020,10/19/2020,"TARGET.COM * 800-591-3869 MN",30.14,"Merchandise"
